Dataset,Attack,Algorithm,n_seeds,test_mae_mean,test_mae_std,test_mae_n,test_rmse_mean,test_rmse_std,test_rmse_n,test_mape_mean,test_mape_std,test_mape_n,test_accuracy_mean,test_accuracy_std,test_accuracy_n,test_macro_f1_mean,test_macro_f1_std,test_macro_f1_n,test_macro_recall_mean,test_macro_recall_std,test_macro_recall_n,test_macro_precision_mean,test_macro_precision_std,test_macro_precision_n,test_auc_mean,test_auc_std,test_auc_n,sec_trust_auc_mean,sec_trust_auc_std,sec_trust_auc_n,sec_malicious_weight_mass_mean,sec_malicious_weight_mass_std,sec_malicious_weight_mass_n,sec_tdr_mean,sec_tdr_std,sec_tdr_n,sec_fpr_mean,sec_fpr_std,sec_fpr_n,sec_mean_trust_benign_mean,sec_mean_trust_benign_std,sec_mean_trust_benign_n,sec_mean_trust_malicious_mean,sec_mean_trust_malicious_std,sec_mean_trust_malicious_n,sec_trust_margin_mean,sec_trust_margin_std,sec_trust_margin_n
METR-LA,Byzantine_Noise,FLTrust,6,2.57791268825531,0.08937536984724391,6,4.539969126383464,0.15927594181958088,6,6.363534291585286,0.32860671231805705,6,0.8294083333333333,0.0047609260303712415,6,0.690863052242768,0.005230347475432597,6,0.6789866124907747,0.0057561971320168465,6,0.7060206596942717,0.005832944385737688,6,0.9732154017476194,0.001374862698646052,6,0.5873015873015873,0.14728585028142277,6,0.16175283144235322,0.10301767124487426,6,1.0,0.0,6,1.0,0.0,6,0.014526983511002201,0.007766274831342346,6,0.006302045609724398,0.0033656414297394874,6,0.008224937901277806,0.007485660706153606,6
METR-LA,Byzantine_Noise,FedAvg,6,4.278842449188232,1.25695668578152,6,5.911757310231526,1.1737933181203737,6,9.841136614481607,2.429560843267073,6,0.7615333333333334,0.03013754579700655,6,0.5899867265494845,0.06990884398540285,6,0.5808906410286188,0.08979367916860022,6,0.6417110337480553,0.023924938595959476,6,0.967271464005416,0.005459541689480246,6,0.5,0.0,6,0.3,0.0,6,0.0,0.0,6,0.0,0.0,6,0.5,0.0,6,0.5,0.0,6,0.0,0.0,6
METR-LA,Byzantine_Noise,FedProx,6,2.5217708746592202,0.023903940496001478,6,4.442069053649902,0.02812883855366336,6,6.452260335286458,0.15218830946991807,6,0.8302333333333333,0.0012476644848141835,6,0.6919333754617886,0.006187322361522269,6,0.6751217264622178,0.011181781505886867,6,0.7136592290170235,0.002211401605695672,6,0.975052711326516,0.00039497462189331525,6,0.5,0.0,6,0.3,0.0,6,0.0,0.0,6,0.0,0.0,6,0.5,0.0,6,0.5,0.0,6,0.0,0.0,6
METR-LA,Byzantine_Noise,Multi-Krum,6,2.4491443236668906,0.008436437859771863,6,4.39662766456604,0.03323565430912116,6,6.0187718868255615,0.07791611963753102,6,0.8339833333333334,0.0009626352718795822,6,0.6998231518121033,0.0037206718296656934,6,0.6865272446249845,0.004887197667883616,6,0.7149712821800204,0.003089277733907253,6,0.974573277278159,0.0005602350331047085,6,1.0,0.0,6,0.0,0.0,6,1.0,0.0,6,0.14285714285714282,3.0404709722440586e-17,6,0.6666666666666666,8.599750569898517e-17,6,0.11111111111111112,0.0,6,0.5555555555555555,8.599750569898517e-17,6
METR-LA,Byzantine_Noise,SCAFFOLD,6,2.529510736465454,0.003967568477385462,6,4.423353830973308,0.00961111605209783,6,6.163955370585124,0.025096111419633894,6,0.8274416666666666,0.00031211643126667524,6,0.6963976810196105,0.0014320083372117468,6,0.6877776503957995,0.002572218761154882,6,0.7066871560987266,0.001235198413824941,6,0.9754770945818053,5.939458932010804e-05,6,0.5,0.0,6,0.3,0.0,6,0.0,0.0,6,0.0,0.0,6,0.5,0.0,6,0.5,0.0,6,0.0,0.0,6
METR-LA,Byzantine_Noise,Static-Mamdani-FL,6,2.8874553044637046,0.25905820295565973,6,4.699294090270996,0.2409936375674196,6,7.015521844228108,0.5494797026842762,6,0.8189416666666666,0.007934192880606464,6,0.6702359547452561,0.022485685322903994,6,0.6523147689656338,0.03623563882070558,6,0.7004913483894925,0.007428177823233933,6,0.9731676294505868,0.0011100235934824768,6,1.0,0.0,6,0.1541972141873123,0.008173880809819017,6,0.611111111111111,0.2509242175696937,6,0.0,0.0,6,0.7862107537485472,0.029733756814229066,6,0.3344369648738979,0.021075069327986463,6,0.4517737888746493,0.030235929256292166,6
METR-LA,Byzantine_Noise,ZeroTrust-ANFIS-FL,6,2.4505631923675537,0.0028536547274195887,6,4.394613027572632,0.02508741784548695,6,6.077911535898845,0.04271813807659538,6,0.8342416666666668,0.0013872334578817686,6,0.6993080335481396,0.0024534862544475294,6,0.6835576073112636,0.0035415693853679425,6,0.7178592748859512,0.0037449443158240523,6,0.9745950110426875,0.0004960567206388657,6,1.0,0.0,6,0.0,0.0,6,1.0,0.0,6,0.0,0.0,6,0.6900271841218011,0.003043842486754746,6,0.20732612672159637,0.009190504095700493,6,0.4827010574002048,0.010544027913889342,6
METR-LA,Label_Flipping,FLTrust,6,3.9238445361455283,1.832913930840729,6,6.009058554967244,2.321360897154289,6,10.754040320714315,5.76768551368259,6,0.7417416666666666,0.1378714960267954,6,0.5387237989331072,0.1763834456919148,6,0.5466840533358813,0.15296628284794586,6,0.608614253971207,0.16529992660202114,6,0.9534714900574314,0.045393319128981584,6,0.6071428571428571,0.33358833783320724,6,0.20919793648491414,0.2179866933063767,6,1.0,0.0,6,1.0,0.0,6,0.039061673441513754,0.04212655828653563,6,0.01816543978121546,0.02318336042380271,6,0.0208962336602983,0.05538867869089582,6
METR-LA,Label_Flipping,FedAvg,6,4.47654914855957,0.29967090010483377,6,6.534058570861816,0.718444119978526,6,12.229874928792318,1.3739983594812792,6,0.70955,0.02002755601664868,6,0.47871686270449554,0.07104844520131746,6,0.48797144100309037,0.06490199756001032,6,0.6131031707001072,0.03841640214500287,6,0.944739615999514,0.02768200121168445,6,0.5,0.0,6,0.3,0.0,6,0.0,0.0,6,0.0,0.0,6,0.5,0.0,6,0.5,0.0,6,0.0,0.0,6
METR-LA,Label_Flipping,FedProx,6,5.115316708882649,0.19821513742288005,6,7.373549699783325,0.283985969239201,6,14.93330971399943,0.5937114231581795,6,0.6634916666666667,0.018804824292363548,6,0.33274714295913893,0.01697410324742871,6,0.37286802251180196,0.01605018960949804,6,0.32497618589961424,0.016262273479547316,6,0.9619498007465271,0.0033271924927347155,6,0.5,0.0,6,0.3,0.0,6,0.0,0.0,6,0.0,0.0,6,0.5,0.0,6,0.5,0.0,6,0.0,0.0,6
METR-LA,Label_Flipping,Multi-Krum,6,2.4491443236668906,0.008436437859771863,6,4.39662766456604,0.03323565430912116,6,6.0187718868255615,0.07791611963753102,6,0.8339833333333334,0.0009626352718795822,6,0.6998231518121033,0.0037206718296656934,6,0.6865272446249845,0.004887197667883616,6,0.7149712821800204,0.003089277733907253,6,0.974573277278159,0.0005602350331047085,6,1.0,0.0,6,0.0,0.0,6,1.0,0.0,6,0.14285714285714282,3.0404709722440586e-17,6,0.6666666666666666,8.599750569898517e-17,6,0.11111111111111112,0.0,6,0.5555555555555555,8.599750569898517e-17,6
METR-LA,Label_Flipping,SCAFFOLD,6,2.6021732091903687,0.049270328376517625,6,4.650082508722941,0.04054816776538588,6,6.80735198656718,0.25638149902478974,6,0.8278250000000001,0.002303421368312809,6,0.6838815876070473,0.009075710741947693,6,0.6638802908228313,0.012757809178843085,6,0.712534187180171,0.0009865103676627476,6,0.9727665239574258,0.0006359140946432549,6,0.5,0.0,6,0.3,0.0,6,0.0,0.0,6,0.0,0.0,6,0.5,0.0,6,0.5,0.0,6,0.0,0.0,6
METR-LA,Label_Flipping,Static-Mamdani-FL,6,3.6273440519968667,0.12219615284252702,6,5.307234684626262,0.13792208285784768,6,9.630285422007242,0.4029187053873106,6,0.7745416666666666,0.008810869234455038,6,0.5738965984023682,0.024907619944701503,6,0.5671419877273627,0.022284764014274264,6,0.6632898630281678,0.0086863977160148,6,0.9697838042213877,0.0011680185212115059,6,1.0,0.0,6,0.20838638655105765,0.0052265181831212815,6,0.0,0.0,6,0.0,0.0,6,0.7726153906194995,0.03236716787312114,6,0.47413431544994095,0.006158846835878792,6,0.2984810751695585,0.02737499341083997,6
METR-LA,Label_Flipping,ZeroTrust-ANFIS-FL,6,2.454720894495646,0.014684494864342736,6,4.3985105355580645,0.0362906945491713,6,6.0285294850667315,0.07253245922939726,6,0.8336749999999999,0.0009973715456137874,6,0.6985822271814327,0.0026751417340875336,6,0.6838544272934896,0.0019572137894366686,6,0.7155135326052665,0.004502993343138888,6,0.9744786157134769,0.0004967644132569484,6,0.9920634920634921,0.019440394783993453,6,0.0,0.0,6,1.0,0.0,6,0.11904761904761903,0.14045601146431072,6,0.6873954675007553,0.04947763849819861,6,0.35023948051771536,0.010023647743279096,6,0.33715598698304,0.046102226486734926,6
METR-LA,No_Attack,FLTrust,6,2.5168017546335855,0.04878293259092489,6,4.460776408513387,0.07288638370604585,6,6.264151891072591,0.16305880328359823,6,0.8308416666666667,0.00342336335592157,6,0.692734287857621,0.005426941494413558,6,0.6799653157461504,0.003934181759767593,6,0.7084102631170643,0.007894979919719873,6,0.9739742253261762,0.0008267890006591382,6,,,0,0.0,0.0,6,,,0,,,0,0.01018579195563992,0.005522115847660143,6,,,0,,,0
METR-LA,No_Attack,FedAvg,6,2.4237640301386514,0.007690289833237672,6,4.356253465016683,0.01597114042002613,6,5.961199124654134,0.07432266861282887,6,0.8358500000000001,0.0009848857801795833,6,0.7035500924458534,0.0024900373394019233,6,0.688669159460266,0.0030592080322204215,6,0.7206289964593804,0.0022158204934587854,6,0.9748583105237763,0.00025611424613733745,6,,,0,0.0,0.0,6,,,0,,,0,0.5,0.0,6,,,0,,,0
METR-LA,No_Attack,FedProx,6,2.4721726179122925,0.009346767849310387,6,4.395190397898356,0.017598264457637756,6,6.2041512330373125,0.07787406739840218,6,0.831975,0.0006698880503487206,6,0.6982823850910389,0.0014839648748959705,6,0.6838617194111318,0.0021515620706198126,6,0.7151142361019519,0.0018375624902225963,6,0.975120725536425,0.00012279925288645913,6,,,0,0.0,0.0,6,,,0,,,0,0.5,0.0,6,,,0,,,0
METR-LA,No_Attack,Multi-Krum,6,2.4488206704457602,0.007231063098133021,6,4.371175289154053,0.01902827586205864,6,6.025847434997559,0.096173420689459,6,0.8335416666666667,0.0006583438817720363,6,0.6993541762558225,0.0006904372524923261,6,0.685110188884882,0.002629177495392586,6,0.7163188009635216,0.003373612294391552,6,0.9748257849684986,0.00019557681513723425,6,,,0,0.0,0.0,6,,,0,,,0,0.5,0.0,6,,,0,,,0
METR-LA,No_Attack,SCAFFOLD,6,2.521056572596232,0.004430920397992533,6,4.412292559941609,0.01536948656130679,6,6.135748863220215,0.021980140298507155,6,0.8280416666666666,0.0003878358759406739,6,0.6974349060792093,0.0016792179557044535,6,0.6890161956522789,0.003012395725403274,6,0.7071616586055195,0.001661211051696336,6,0.9755813846487014,7.083649535812233e-05,6,,,0,0.0,0.0,6,,,0,,,0,0.5,0.0,6,,,0,,,0
METR-LA,No_Attack,Static-Mamdani-FL,6,2.4262571334838867,0.010379971503654118,6,4.357943534851074,0.019484439203385225,6,5.959785381952922,0.0660220178519666,6,0.8354083333333332,0.0009723253913514234,6,0.7026085457711603,0.002560769611946158,6,0.6878041097945204,0.003618298787626719,6,0.7196680004652194,0.0023990986496539354,6,0.9749254540316606,0.0001848318071370968,6,,,0,0.0,0.0,6,,,0,,,0,0.7823899458985708,0.03402154191674967,6,,,0,,,0
METR-LA,No_Attack,ZeroTrust-ANFIS-FL,6,2.427218516667684,0.011513621362293561,6,4.365150610605876,0.027747785133094127,6,5.923146406809489,0.06869820026095319,6,0.8350166666666666,0.0011948500603283661,6,0.7012108052117231,0.0036403515329731444,6,0.6879350300504657,0.003439052356981505,6,0.7160461150750844,0.004893745585784365,6,0.9748160028859564,0.0003063727292995462,6,,,0,0.0,0.0,6,,,0,,,0,0.5486258118264731,0.0016438896215343292,6,,,0,,,0
METR-LA,Sybil_Poisoning,FLTrust,6,3.8226869106292725,1.4200608665833712,6,5.399835109710693,1.0679738534160295,6,8.780067602793375,2.904169562330507,6,0.7249166666666667,0.14376654223659502,6,0.6234158407852656,0.09294428555171641,6,0.6374354363874689,0.05784151895115066,6,0.6721890052504472,0.051792324728230275,6,0.9707478622926605,0.005083839263400951,6,0.6785714285714287,0.35499353256540506,6,0.1638809774786442,0.19820204976461184,6,1.0,0.0,6,1.0,0.0,6,0.06584547665191903,0.07581529698221656,6,0.009604645789497428,0.012460107192760857,6,0.0562408308624216,0.08384006178052873,6
METR-LA,Sybil_Poisoning,FedAvg,6,4.640445629755656,0.9427099525701914,6,5.996643781661987,0.582101138460784,6,10.741917133331299,1.3019392346449696,6,0.64085,0.09482462760274886,6,0.5625600887359757,0.03412547502755503,6,0.6044807200840926,0.015685991608549173,6,0.6326380227502016,0.026117215297805224,6,0.9691968617393224,0.001891021691512566,6,0.5,0.0,6,0.3,0.0,6,0.0,0.0,6,0.0,0.0,6,0.5,0.0,6,0.5,0.0,6,0.0,0.0,6
METR-LA,Sybil_Poisoning,FedProx,6,4.65502127011617,0.15216003706636438,6,5.843794981638591,0.15115511834883713,6,10.492021560668945,0.33370633810342754,6,0.6439583333333333,0.014296272824294673,6,0.5725771258738925,0.01882877743508468,6,0.6180471783076867,0.014234339151572779,6,0.6248123744170669,0.013428434637058811,6,0.9713915304511146,0.0009190975215781735,6,0.5,0.0,6,0.3,0.0,6,0.0,0.0,6,0.0,0.0,6,0.5,0.0,6,0.5,0.0,6,0.0,0.0,6
METR-LA,Sybil_Poisoning,Multi-Krum,6,4.976073622703552,2.498173015579721,6,6.371585369110107,2.281430417587327,6,11.12362011273702,4.983008859733311,6,0.6144416666666667,0.23518353134662015,6,0.5478802942967985,0.17824208151187654,6,0.5918960348336105,0.12686820646423114,6,0.6395727420350672,0.07386159242638268,6,0.9651318702037424,0.012870095815782438,6,0.5873015873015873,0.3021715310296075,6,0.2619047619047619,0.16700645635000172,6,0.5555555555555555,0.2721655269759087,6,0.3333333333333333,0.11664236870396086,6,0.5291005291005292,0.10072384367653582,6,0.43209876543209885,0.23502230191191695,6,0.09700176366843027,0.3357461455884528,6
METR-LA,Sybil_Poisoning,SCAFFOLD,6,2.734240174293518,0.08709636628255557,6,4.743225812911987,0.04444142780415435,6,7.011127312978108,0.2366446941415315,6,0.8223416666666665,0.004974376007768892,6,0.6826856885570837,0.0044527305145500035,6,0.6741756313629814,0.008518152504517982,6,0.7004399915146525,0.008932298231369207,6,0.9735092799838226,0.0005317707984344399,6,0.5,0.0,6,0.3,0.0,6,0.0,0.0,6,0.0,0.0,6,0.5,0.0,6,0.5,0.0,6,0.0,0.0,6
METR-LA,Sybil_Poisoning,Static-Mamdani-FL,6,3.9336937268575034,0.3342241340164891,6,5.280626932779948,0.25138800148579726,6,9.182604630788168,0.5192523669101307,6,0.7240666666666667,0.035627049648640066,6,0.6295184880136889,0.015988040961472057,6,0.654999088949976,0.010625097976404287,6,0.661759212082294,0.012181263638871793,6,0.9719338894106172,0.0013797327074084131,6,1.0,0.0,6,0.21397283527950658,0.005777190308141299,6,0.0,0.0,6,0.0,0.0,6,0.7562009556939406,0.030901902849802328,6,0.47986997598668957,0.004106951304793427,6,0.276330979707251,0.027671668873822677,6
METR-LA,Sybil_Poisoning,ZeroTrust-ANFIS-FL,6,2.4638955195744834,0.0164149859335157,6,4.425042311350505,0.04721225415331217,6,6.085580190022786,0.0961062289434934,6,0.8340333333333333,0.0010496030995889168,6,0.698638817693851,0.002847195573056839,6,0.68341652499406,0.005043347876488115,6,0.7164453517056465,0.00511444676707849,6,0.9743845917085011,0.000611837604397406,6,1.0,0.0,6,0.0,0.0,6,1.0,0.0,6,0.09523809523809523,0.14754222271266348,6,0.6766832089007494,0.038584018669196134,6,0.312601156581611,0.008332168248917284,6,0.3640820523191384,0.042842215639291824,6
PEMS-BAY,Byzantine_Noise,FLTrust,6,0.9588925639788309,0.022166189527373256,6,1.6923600037892659,0.027258297650086045,6,1.8865051070849101,0.09565994125426848,6,0.9491499999999999,0.0015658863304850782,6,0.8434452792285857,0.009230459726220091,6,0.833611012192899,0.014524734330995622,6,0.8551834706739881,0.008242177483513873,6,0.9956921325666265,0.00012648553494551743,6,0.7380952380952381,0.17689691067625438,6,0.061825636098306984,0.06664370427726614,6,1.0,0.0,6,1.0,0.0,6,0.020783843688799864,0.009596208452866692,6,0.0021539057682578764,0.0021390117897994096,6,0.01862993792054199,0.01139807187083569,6
PEMS-BAY,Byzantine_Noise,FedAvg,6,2.8676735361417136,1.5918276675485417,6,3.503457228342692,1.4701395144029759,6,5.215636412302653,2.55815936306181,6,0.911525,0.02011732462331909,6,0.7148602951702019,0.10502866120666834,6,0.6982291723372743,0.12996255820111693,6,0.7739344992662036,0.04627122363831795,6,0.994633517371228,0.0009717051968897445,6,0.5,0.0,6,0.3,0.0,6,0.0,0.0,6,0.0,0.0,6,0.5,0.0,6,0.5,0.0,6,0.0,0.0,6
PEMS-BAY,Byzantine_Noise,FedProx,6,0.9520023862520853,0.022342197676839815,6,1.6463802854220073,0.014417097940405776,6,1.8314782778422039,0.03206409958676443,6,0.951225,0.0004644889664997403,6,0.8496456204644373,0.002525998273175712,6,0.8421388753794193,0.006674013574313426,6,0.8584792614993129,0.003229294775679586,6,0.9960135631190563,1.6411065543841702e-05,6,0.5,0.0,6,0.3,0.0,6,0.0,0.0,6,0.0,0.0,6,0.5,0.0,6,0.5,0.0,6,0.0,0.0,6
PEMS-BAY,Byzantine_Noise,Multi-Krum,6,0.9204518695672353,0.00511170888351134,6,1.6391608516375225,0.013919730843370382,6,1.774666170279185,0.01675175769303145,6,0.9512666666666666,0.0005363456596884729,6,0.852111181811939,0.002105972988055654,6,0.8464477866464649,0.002313607483384608,6,0.8587731173836085,0.0042561743601909185,6,0.9958379241901011,8.731064008845224e-05,6,1.0,0.0,6,0.0,0.0,6,1.0,0.0,6,0.14285714285714282,3.0404709722440586e-17,6,0.6666666666666666,7.021666937153402e-17,6,0.11111111111111112,0.0,6,0.5555555555555555,7.021666937153402e-17,6
PEMS-BAY,Byzantine_Noise,SCAFFOLD,6,0.9528104662895203,0.0038133564358378692,6,1.6749688585599263,0.0059635782526728884,6,1.8251230518023174,0.011541220512194552,6,0.9490750000000001,0.0005438290172471372,6,0.8467946774679126,0.0020872159693955594,6,0.8433867552004318,0.002869454574947212,6,0.8506738159324572,0.001639994670992016,6,0.9959578474448542,1.9183344243599446e-05,6,0.5,0.0,6,0.3,0.0,6,0.0,0.0,6,0.0,0.0,6,0.5,0.0,6,0.5,0.0,6,0.0,0.0,6
PEMS-BAY,Byzantine_Noise,Static-Mamdani-FL,6,1.3624462683995564,0.4771723592517235,6,1.9688825011253357,0.39939435575303467,6,2.510950446128845,0.738818148030576,6,0.9422499999999999,0.005019561733856849,6,0.8286284532767195,0.013465509535367645,6,0.8126048928459385,0.03225847748105961,6,0.8509977359996372,0.0111083229917903,6,0.9955510943410029,0.00020334447795184279,6,1.0,0.0,6,0.14774573505524144,0.009572309762109954,6,0.4444444444444444,0.2721655269759087,6,0.0,0.0,6,0.8629788321535051,0.04842266709485913,6,0.34858889945157673,0.022538703851329146,6,0.5143899327019285,0.04918156944199403,6
PEMS-BAY,Byzantine_Noise,ZeroTrust-ANFIS-FL,6,0.9224386215209961,0.0054226175569794845,6,1.641421139240265,0.01751239647277403,6,1.779287874698639,0.014021411931003697,6,0.9511,0.0004560701700396561,6,0.8511550294229685,0.001647299140618746,6,0.8452457305525655,0.0021094805194317016,6,0.8581856252507617,0.004442096485721875,6,0.9958227197230172,7.717382731922757e-05,6,1.0,0.0,6,0.0,0.0,6,1.0,0.0,6,0.0,0.0,6,0.6942861160788637,0.007972765239737195,6,0.22309321464166273,0.020387260661820367,6,0.47119290143720094,0.026577268785414877,6
PEMS-BAY,Label_Flipping,FLTrust,6,1.2066989541053772,0.23036364907943319,6,1.997002124786377,0.2884277772340987,6,2.5422558983167014,0.6526195595134778,6,0.9423666666666666,0.008910592946974225,6,0.791793310283346,0.06645011253999974,6,0.786366740197864,0.07886156095377106,6,0.8154464933042238,0.03687622702338528,6,0.995832629673016,0.00012367009296329628,6,0.9126984126984127,0.09118353407203221,6,0.04142821562834622,0.07627708477170299,6,1.0,0.0,6,1.0,0.0,6,0.06309546331509149,0.07563536284601882,6,0.0036323473581837285,0.007153326294834304,6,0.059463115956907765,0.07775379299901254,6
PEMS-BAY,Label_Flipping,FedAvg,6,2.479117274284363,0.347242547389081,6,3.423098882039388,0.5427467732812556,6,5.357948382695516,0.8720122701380387,6,0.9040499999999999,0.02041560677520997,6,0.5615259286509219,0.133080767526561,6,0.5429430786520989,0.13002951727103054,6,0.6959459722268666,0.07588201151932371,6,0.9944648651286278,0.0018102949593465513,6,0.5,0.0,6,0.3,0.0,6,0.0,0.0,6,0.0,0.0,6,0.5,0.0,6,0.5,0.0,6,0.0,0.0,6
PEMS-BAY,Label_Flipping,FedProx,6,3.120391567548116,0.08385660377056313,6,5.1220293045043945,0.1593044085326051,6,7.888895193735759,0.2367228759751019,6,0.8637,0.004666047577982914,6,0.3097881419913278,0.010915759060900006,6,0.3065751002895281,0.01149473240496848,6,0.32023571644412513,0.009762505476324694,6,0.9956724036999375,0.00012677317542729804,6,0.5,0.0,6,0.3,0.0,6,0.0,0.0,6,0.0,0.0,6,0.5,0.0,6,0.5,0.0,6,0.0,0.0,6
PEMS-BAY,Label_Flipping,Multi-Krum,6,0.9204518695672353,0.00511170888351134,6,1.6391608516375225,0.013919730843370382,6,1.774666170279185,0.01675175769303145,6,0.9512666666666666,0.0005363456596884729,6,0.852111181811939,0.002105972988055654,6,0.8464477866464649,0.002313607483384608,6,0.8587731173836085,0.0042561743601909185,6,0.9958379241901011,8.731064008845224e-05,6,1.0,0.0,6,0.0,0.0,6,1.0,0.0,6,0.14285714285714282,3.0404709722440586e-17,6,0.6666666666666666,7.021666937153402e-17,6,0.11111111111111112,0.0,6,0.5555555555555555,7.021666937153402e-17,6
PEMS-BAY,Label_Flipping,SCAFFOLD,6,1.624769111474355,1.0116352894477574,6,2.6894225676854453,1.632727508817753,6,3.555739243825277,2.676644348690983,6,0.9196416666666666,0.041362512214161595,6,0.6997724027222931,0.22183737563248707,6,0.6840320450938461,0.2145752414362784,6,0.7304901198472876,0.23101467981402624,6,0.9940095709227394,0.003491009887795904,6,0.5,0.0,6,0.3,0.0,6,0.0,0.0,6,0.0,0.0,6,0.5,0.0,6,0.5,0.0,6,0.0,0.0,6
PEMS-BAY,Label_Flipping,Static-Mamdani-FL,6,1.7644960681597393,0.061856061123023685,6,2.5315876404444375,0.17539221994235668,6,3.8565436601638794,0.27364945334937646,6,0.9269416666666669,0.008755422129553022,6,0.6755275326536047,0.0580064890082421,6,0.6494308489760678,0.05896377712304891,6,0.7740443130113754,0.02709720825656037,6,0.9956147567403807,0.00014993894552415958,6,1.0,0.0,6,0.19773382731261524,0.00858426454154328,6,0.0,0.0,6,0.0,0.0,6,0.841875193597926,0.04447275536119641,6,0.48324418789124074,0.004652500561311386,6,0.35863100570668527,0.04330549111904857,6
PEMS-BAY,Label_Flipping,ZeroTrust-ANFIS-FL,6,0.9219077030817667,0.003435873336403564,6,1.6425671776135762,0.009839786890558075,6,1.7768224080403645,0.013020034849384854,6,0.9509916666666666,0.0005911147660705617,6,0.8513967847951127,0.0020884209177985855,6,0.8451955744736405,0.003381219619505901,6,0.8586702086868776,0.0029750114395799563,6,0.9958454572660803,4.5389239467592344e-05,6,1.0,0.0,6,0.0,0.0,6,1.0,0.0,6,0.0,0.0,6,0.6956824883007938,0.005504700149870339,6,0.3886929303768323,0.0073978455303863756,6,0.30698955792396154,0.007618274420369727,6
PEMS-BAY,No_Attack,FLTrust,6,0.946702778339386,0.025487142546887408,6,1.6729358832041423,0.03554847868979015,6,1.8351364135742188,0.05886211136017348,6,0.9495666666666668,0.0019782989325849466,6,0.8466946316228706,0.006199329365719623,6,0.8412478039411949,0.005373047506777667,6,0.8531385090449376,0.008844872529461596,6,0.9957988760341959,0.0001730506673446317,6,,,0,0.0,0.0,6,,,0,,,0,0.017728308027775103,0.009153964716387124,6,,,0,,,0
PEMS-BAY,No_Attack,FedAvg,6,0.9148412942886353,0.003990877350302745,6,1.6259954770406086,0.014106722027491338,6,1.7619743545850117,0.007895881560898096,6,0.9512999999999999,0.0002966479394838238,6,0.8517308279672776,0.0014839430057978606,6,0.845570687509396,0.0025196842505988055,6,0.8590363849435239,0.0025014674962764954,6,0.9959211227117698,0.00011603485648578551,6,,,0,0.0,0.0,6,,,0,,,0,0.5,0.0,6,,,0,,,0
PEMS-BAY,No_Attack,FedProx,6,0.9269234339396158,0.0020545635247648493,6,1.6282328565915425,0.002430815409148474,6,1.796699325243632,0.012889949201984264,6,0.9514499999999999,0.000384707681233448,6,0.8496825050608406,0.0027379247847044226,6,0.8423227546072933,0.003831843435108465,6,0.8580624054174276,0.003144250362559882,6,0.9959729107707079,2.068691348507618e-05,6,,,0,0.0,0.0,6,,,0,,,0,0.5,0.0,6,,,0,,,0
PEMS-BAY,No_Attack,Multi-Krum,6,0.9177508453528086,0.0056033407483417775,6,1.6339239875475566,0.015366828191781185,6,1.769693394502004,0.010018622254556917,6,0.951775,0.0004782781617427104,6,0.8533631028835434,0.001302222494137103,6,0.846463401117473,0.002633393100088489,6,0.8616012400648856,0.003911326073466077,6,0.9958542138504415,8.410156767136566e-05,6,,,0,0.0,0.0,6,,,0,,,0,0.5,8.599750569898517e-17,6,,,0,,,0
PEMS-BAY,No_Attack,SCAFFOLD,6,0.9444239636262258,0.0033487767621081218,6,1.655191699663798,0.003769573337621532,6,1.808245599269867,0.009864477976802385,6,0.9503499999999999,0.00030495901363954456,6,0.8511968231027115,0.001279022194660243,6,0.8475207984781443,0.0023968136273845066,6,0.8553225428148354,0.002289205526779687,6,0.9959957627685533,1.6373615811586268e-05,6,,,0,0.0,0.0,6,,,0,,,0,0.5,0.0,6,,,0,,,0
PEMS-BAY,No_Attack,Static-Mamdani-FL,6,0.9145115117232004,0.0035049971665459165,6,1.6272036631902058,0.01218528982513601,6,1.7596963445345561,0.005537469152764673,6,0.9514,0.00028284271247458785,6,0.8521243221218217,0.0011425188027350684,6,0.8463649619609629,0.0027911459799084934,6,0.8590302582246725,0.003063463001781925,6,0.9958876863792976,9.765550518566005e-05,6,,,0,0.0,0.0,6,,,0,,,0,0.8607298724990983,0.030771936793668242,6,,,0,,,0
PEMS-BAY,No_Attack,ZeroTrust-ANFIS-FL,6,0.9154882033665975,0.0036310004787710056,6,1.6269343892733257,0.014409980986972647,6,1.7627331813176472,0.0068334373242190235,6,0.9514250000000001,0.0002876629972728555,6,0.8524215512344703,0.001619884825499694,6,0.8466637909912356,0.0013668728326567737,6,0.8594331582545826,0.003361523878889579,6,0.9959573681102261,0.0001102156046738729,6,,,0,0.0,0.0,6,,,0,,,0,0.5538766778861102,0.0064395980806502065,6,,,0,,,0
PEMS-BAY,Sybil_Poisoning,FLTrust,6,2.2971351742744446,1.6642941482241942,6,2.9228739142417908,1.609884520754973,6,4.5499535004297895,3.117742330949085,6,0.8735333333333334,0.1340682239259798,6,0.6977083383972046,0.16965921703146816,6,0.7251666921810976,0.1201875821419134,6,0.7609632769757155,0.09626456960991862,6,0.9955498114385306,0.0003912213528044257,6,0.6309523809523809,0.2417575480065526,6,0.20749841590037998,0.19930533209502935,6,1.0,0.0,6,0.8333333333333334,0.408248290463863,6,0.0773583949914956,0.15529533581432906,6,0.009304578092673587,0.013033774139633296,6,0.06805381689882202,0.1598902649918498,6
PEMS-BAY,Sybil_Poisoning,FedAvg,6,3.0903602838516235,0.25038611379373704,6,3.5094133218129477,0.2067265673060696,6,5.982747634251912,0.38561286931338296,6,0.8482083333333333,0.018930066472853883,6,0.6371837491590903,0.029478775409152936,6,0.7003120819922314,0.022861088514227697,6,0.7207924257991989,0.010666909589238837,6,0.995797691981465,2.8535255536698295e-05,6,0.5,0.0,6,0.3,0.0,6,0.0,0.0,6,0.0,0.0,6,0.5,0.0,6,0.5,0.0,6,0.0,0.0,6
PEMS-BAY,Sybil_Poisoning,FedProx,6,3.370578726132711,0.08549723074914578,6,3.7914275328318277,0.10291292802576867,6,6.521817684173584,0.1901253835093065,6,0.8240750000000001,0.008840460960832328,6,0.5947751514117536,0.02180798074807278,6,0.6621617001348586,0.01754529164524954,6,0.7002569033573992,0.008435142635750558,6,0.9956937263907988,4.93790555533657e-05,6,0.5,0.0,6,0.3,0.0,6,0.0,0.0,6,0.0,0.0,6,0.5,0.0,6,0.5,0.0,6,0.0,0.0,6
PEMS-BAY,Sybil_Poisoning,Multi-Krum,6,0.920368899901708,0.005026165574996639,6,1.6371491352717082,0.014342296462497498,6,1.776585618654887,0.018883903822672337,6,0.9513083333333334,0.0005112892201745079,6,0.8525204816135711,0.001932984473229912,6,0.8459596606201342,0.0022371649771323835,6,0.860131696053409,0.0034149014848338984,6,0.9958428801643526,8.742055150640646e-05,6,1.0,0.0,6,0.0,0.0,6,1.0,0.0,6,0.14285714285714282,3.0404709722440586e-17,6,0.6666666666666666,7.021666937153402e-17,6,0.11111111111111112,0.0,6,0.5555555555555555,7.021666937153402e-17,6
PEMS-BAY,Sybil_Poisoning,SCAFFOLD,6,1.053892622391383,0.1750183168498315,6,1.770336925983429,0.11678361981069917,6,2.100586712360382,0.37849885971822916,6,0.9466,0.0025294268125407565,6,0.8275723443072351,0.018272065645176475,6,0.8212225697239615,0.02327948980155186,6,0.838548913556382,0.009331694483830038,6,0.995845019738943,0.00010102386787719758,6,0.5,0.0,6,0.3,0.0,6,0.0,0.0,6,0.0,0.0,6,0.5,0.0,6,0.5,0.0,6,0.0,0.0,6
PEMS-BAY,Sybil_Poisoning,Static-Mamdani-FL,6,2.1099508802096048,0.1446415971618216,6,2.5569488207499185,0.12609472249691187,6,4.135321378707886,0.2647999867548984,6,0.9046666666666668,0.009650474945134371,6,0.7398386932967239,0.015375105982107177,6,0.7655343598657254,0.010815483287028516,6,0.77748569088268,0.00925676903196054,6,0.9958177758342667,5.915660345489975e-05,6,1.0,0.0,6,0.19649589619133875,0.006179759630640763,6,0.0,0.0,6,0.0,0.0,6,0.8435473779050654,0.0348218985654902,6,0.4808403684791467,0.006539214892736928,6,0.3627070094259188,0.032584710683304666,6
PEMS-BAY,Sybil_Poisoning,ZeroTrust-ANFIS-FL,6,0.9217175741990408,0.0037637868876474853,6,1.6444427768389385,0.006242378361924767,6,1.7744356393814087,0.01276551545375467,6,0.9513416666666666,0.00021075261959621668,6,0.8523513878914145,0.0012287880110306902,6,0.8475460554734391,0.002718851337718331,6,0.8583760341458637,0.0031796226686073596,6,0.9958227024657241,7.697434426538176e-05,6,1.0,0.0,6,0.0,0.0,6,1.0,0.0,6,0.0,0.0,6,0.6859170760318026,0.008408717752175844,6,0.34334608182833026,0.01650148679524838,6,0.3425709942034723,0.01548838349145181,6
PEMS04,Byzantine_Noise,FLTrust,6,1.0459553599357605,0.024521275248495563,6,1.929684082667033,0.03162268885634098,6,1.9563087821006775,0.06327827928668169,6,0.9446749999999998,0.0017230060940112831,6,0.8114434573662903,0.007317061899333642,6,0.8030219515291214,0.012320663622967618,6,0.8221519116954771,0.011543460564472129,6,0.9937491306940691,0.0002498343229882327,6,0.6547619047619048,0.16615567926064667,6,0.09807202388670526,0.03923035436669416,6,1.0,0.0,6,1.0,0.0,6,0.014911613693194728,0.004938932181841286,6,0.003943779657775951,0.0024477102960385358,6,0.01096783403541878,0.003702397086254771,6
PEMS04,Byzantine_Noise,FedAvg,6,2.6800458828608194,1.487929985948385,6,3.395299474398295,1.3712428856420291,6,4.6522499322891235,2.3538514932235453,6,0.9205833333333332,0.012096225306543619,6,0.7256875222657411,0.06056516057477492,6,0.7071795721496881,0.09090531477240751,6,0.7722850560436356,0.037374702917493216,6,0.9919969582032544,0.0009129411000077383,6,0.5,0.0,6,0.3,0.0,6,0.0,0.0,6,0.0,0.0,6,0.5,0.0,6,0.5,0.0,6,0.0,0.0,6
PEMS04,Byzantine_Noise,FedProx,6,1.0409612854321797,0.029959704112488866,6,1.8835040132204692,0.022120967921833184,6,1.9282186031341553,0.04210827744533452,6,0.9457833333333333,0.0007840068026915701,6,0.8132983667807422,0.004286610581139201,6,0.8029120279394055,0.0087825925013077,6,0.8260620917037077,0.004796552227347567,6,0.9941026857236386,3.699349456449349e-05,6,0.5,0.0,6,0.3,0.0,6,0.0,0.0,6,0.0,0.0,6,0.5,0.0,6,0.5,0.0,6,0.0,0.0,6
PEMS04,Byzantine_Noise,Multi-Krum,6,1.0054856936136882,0.004120517388695413,6,1.866337517897288,0.018333721341804526,6,1.86894025405248,0.00759352687370156,6,0.9464583333333332,0.0008175675303402402,6,0.8174828582763044,0.004839537735989032,6,0.8087021169451978,0.0035180799166467545,6,0.8278400641719039,0.006937877708859017,6,0.9940142539757034,4.818567190562788e-05,6,1.0,0.0,6,0.0,0.0,6,1.0,0.0,6,0.14285714285714282,3.0404709722440586e-17,6,0.6666666666666669,1.7199501139797033e-16,6,0.11111111111111112,0.0,6,0.5555555555555555,9.930136612989092e-17,6
PEMS04,Byzantine_Noise,SCAFFOLD,6,1.0290337999661763,0.004438206274131907,6,1.896441916624705,0.0076836682019652425,6,1.9079532225926716,0.01305328306683694,6,0.9444333333333331,0.00043550736694880675,6,0.8121962035021796,0.002351663421646485,6,0.8047583586574599,0.0020183878921572833,6,0.8208948793403117,0.003930485727840366,6,0.9941359838614886,2.1562922916033982e-05,6,0.5,0.0,6,0.3,0.0,6,0.0,0.0,6,0.0,0.0,6,0.5,0.0,6,0.5,0.0,6,0.0,0.0,6
PEMS04,Byzantine_Noise,Static-Mamdani-FL,6,1.3328285018603008,0.33380092509687553,6,2.105389932791392,0.24165932306430252,6,2.4356837272644043,0.5147679748643661,6,0.9415833333333333,0.003884284575911855,6,0.8017145114234725,0.010110579543083637,6,0.7820445646722288,0.027210801404132345,6,0.8303486615327293,0.01844436470378402,6,0.9936988212355878,0.0001326524668750905,6,1.0,0.0,6,0.1469299940197809,0.01563140763956333,6,0.6666666666666666,0.29814239699997197,6,0.0,0.0,6,0.8794072579016411,0.03488893924522895,6,0.3538437834689312,0.04428614742124484,6,0.52556347443271,0.05274947499243663,6
PEMS04,Byzantine_Noise,ZeroTrust-ANFIS-FL,6,1.005734125773112,0.003565581737245213,6,1.8616645733515422,0.011396309344327503,6,1.869530697663625,0.013070632635246583,6,0.9468,0.0006276941930589961,6,0.8188872246588567,0.0031390106650525007,6,0.8096043284998499,0.0036374825213621974,6,0.8296563844021648,0.004418902534663093,6,0.9940592860021457,9.747409864596584e-05,6,1.0,0.0,6,0.0,0.0,6,1.0,0.0,6,0.0,0.0,6,0.6953902529395575,0.0032793411558619916,6,0.21352827475552105,0.010356172366973544,6,0.4818619781840365,0.009549509796266915,6
PEMS04,Label_Flipping,FLTrust,6,1.6808770100275676,1.0078664632939698,6,2.785159786542257,1.5663671667126717,6,3.50362765789032,2.52136570837099,6,0.9269083333333333,0.032023169997154675,6,0.6765416734313976,0.21829609042439815,6,0.666329693602285,0.2205330434462402,6,0.7074888390291915,0.21268699309342132,6,0.9911202765938341,0.006046117370490254,6,0.6904761904761904,0.3413990157892366,6,0.1432305621469511,0.2057158029263796,6,1.0,0.0,6,1.0,0.0,6,0.029166388843718565,0.02618346842968493,6,0.009914287805764211,0.0159112779564009,6,0.01925210103795435,0.03493559287795729,6
PEMS04,Label_Flipping,FedAvg,6,2.3915396531422934,0.1980927120798698,6,3.3804003397623696,0.2976211887866106,6,4.9358484745025635,0.44522943605446597,6,0.9062916666666667,0.020528916597489167,6,0.5054536362971948,0.11342704915340532,6,0.47747242281188274,0.11360021795713608,6,0.6796897235412978,0.06992272395672133,6,0.9927119131870388,0.0005377301535358988,6,0.5,0.0,6,0.3,0.0,6,0.0,0.0,6,0.0,0.0,6,0.5,0.0,6,0.5,0.0,6,0.0,0.0,6
PEMS04,Label_Flipping,FedProx,6,2.81445304552714,0.02164062627302602,6,4.6997315883636475,0.08820147222305733,6,6.661001443862915,0.09677015586866139,6,0.8782166666666665,0.0027176583057232613,6,0.2922968575587681,0.007036883865028005,6,0.2850868580572354,0.006663590801437504,6,0.30817868137978544,0.007596752407537288,6,0.993124795164445,0.0001946535228241754,6,0.5,0.0,6,0.3,0.0,6,0.0,0.0,6,0.0,0.0,6,0.5,0.0,6,0.5,0.0,6,0.0,0.0,6
PEMS04,Label_Flipping,Multi-Krum,6,1.0054856936136882,0.004120517388695413,6,1.866337517897288,0.018333721341804526,6,1.86894025405248,0.00759352687370156,6,0.9464583333333332,0.0008175675303402402,6,0.8174828582763044,0.004839537735989032,6,0.8087021169451978,0.0035180799166467545,6,0.8278400641719039,0.006937877708859017,6,0.9940142539757034,4.818567190562788e-05,6,1.0,0.0,6,0.0,0.0,6,1.0,0.0,6,0.14285714285714282,3.0404709722440586e-17,6,0.6666666666666669,1.7199501139797033e-16,6,0.11111111111111112,0.0,6,0.5555555555555555,9.930136612989092e-17,6
PEMS04,Label_Flipping,SCAFFOLD,6,1.3810523748397827,0.47230994769952106,6,2.3807607889175415,0.654246650864572,6,2.6555893818537393,1.0230211926561488,6,0.9305000000000002,0.02522556243178735,6,0.7481139608705584,0.0916206865156535,6,0.7457155131379318,0.050089018449230964,6,0.7646454322153758,0.12273301552956024,6,0.9930265684392996,0.00031450224016847287,6,0.5,0.0,6,0.3,0.0,6,0.0,0.0,6,0.0,0.0,6,0.5,0.0,6,0.5,0.0,6,0.0,0.0,6
PEMS04,Label_Flipping,Static-Mamdani-FL,6,1.777425189812978,0.08910667276793813,6,2.603138009707133,0.21992593677359984,6,3.603730241457621,0.34702542901445727,6,0.9294333333333333,0.010124261289924627,6,0.6629964542071818,0.08562496839578713,6,0.6235830466639817,0.08524900340276736,6,0.7668397494885095,0.04501524469625698,6,0.9936349220733641,0.00028320918580855727,6,1.0,0.0,6,0.19679936731521774,0.004151984508216061,6,0.0,0.0,6,0.0,0.0,6,0.8541374171614904,0.021976051184883733,6,0.4881160188325048,0.004257684893868472,6,0.36602139832898567,0.022021540941930665,6
PEMS04,Label_Flipping,ZeroTrust-ANFIS-FL,6,1.0063349803288777,0.0030047954123504335,6,1.8641064167022705,0.012288142163897035,6,1.8711368044217427,0.017979778784204915,6,0.9463750000000001,0.0005456647322303483,6,0.8159376927900687,0.004400734667228607,6,0.8078407702834531,0.004570705970730736,6,0.8254049825718518,0.004246413687809044,6,0.9939069501832712,0.00015225409150096877,6,1.0,0.0,6,0.0,0.0,6,1.0,0.0,6,0.0,0.0,6,0.702624429523904,0.032693939030688894,6,0.3690884820159233,0.014602378014056661,6,0.33353594750798066,0.041969315665067924,6
PEMS04,No_Attack,FLTrust,6,1.0224629243214924,0.008441190848427808,6,1.8897764682769775,0.02301895784760173,6,1.9090925455093384,0.01601177465432733,6,0.9455,0.0012124355652982362,6,0.815280926914455,0.0072950431097743886,6,0.8075497050656026,0.006284436358173275,6,0.8244239480689776,0.00902804491053495,6,0.9938778609368925,7.345625096213779e-05,6,,,0,0.0,0.0,6,,,0,,,0,0.012290234013926237,0.004192408325808155,6,,,0,,,0
PEMS04,No_Attack,FedAvg,6,0.9961577157179514,0.0032507090520976895,6,1.844774862130483,0.008751383719312653,6,1.8413748343785603,0.012062583663626555,6,0.9472333333333333,0.00038166302763913173,6,0.8203055274240741,0.002517323624685966,6,0.8118243599361036,0.002637655399334759,6,0.8302348223483015,0.003484696751860086,6,0.994129502636615,7.207849942998228e-05,6,,,0,0.0,0.0,6,,,0,,,0,0.5,0.0,6,,,0,,,0
PEMS04,No_Attack,FedProx,6,1.0136325359344482,0.0029982085857560643,6,1.8678269982337952,0.004805597229739827,6,1.8798946738243103,0.022074436364858317,6,0.9459249999999999,0.0003267261850541092,6,0.8146126516409344,0.002345411642550858,6,0.8048114422254743,0.006986100979938911,6,0.8261969800981914,0.003923013729720096,6,0.9940208369182595,4.895958041239561e-05,6,,,0,0.0,0.0,6,,,0,,,0,0.5,0.0,6,,,0,,,0
PEMS04,No_Attack,Multi-Krum,6,0.9992644588152567,0.0048299726721553835,6,1.8455889026323955,0.016219681269675296,6,1.8458579778671265,0.012572664080134667,6,0.9467916666666666,0.0006382919916986748,6,0.8185898053061722,0.0031810506920313896,6,0.810332985507868,0.0034279265910905398,6,0.8282467884549723,0.005689933454392718,6,0.9941080465324369,0.00013809296212876284,6,,,0,0.0,0.0,6,,,0,,,0,0.5,4.965068306494546e-17,6,,,0,,,0
PEMS04,No_Attack,SCAFFOLD,6,1.0215870539347331,0.004695112284598079,6,1.8785849610964458,0.006870332670006918,6,1.8873160084088643,0.011443791284046947,6,0.9448166666666667,0.0003459287017098491,6,0.8145746160442408,0.0015595823763261867,6,0.8074374444912319,0.002271620681303983,6,0.8227276986444633,0.0031636700593663967,6,0.9941617475617018,1.2961340477978854e-05,6,,,0,0.0,0.0,6,,,0,,,0,0.5,0.0,6,,,0,,,0
PEMS04,No_Attack,Static-Mamdani-FL,6,0.9983373681704203,0.0023628439534639245,6,1.8490623434384663,0.004845895834168395,6,1.8546849886576335,0.008733166554079618,6,0.9471333333333334,0.0003945461527713542,6,0.8205786532041892,0.0021417217770691335,6,0.8126281175766509,0.0023685313126072223,6,0.8300693515158009,0.004689374810192649,6,0.9941501478963951,7.116948269775736e-05,6,,,0,0.0,0.0,6,,,0,,,0,0.876243448813196,0.016616455070978513,6,,,0,,,0
PEMS04,No_Attack,ZeroTrust-ANFIS-FL,6,1.0001725753148396,0.004144783500685371,6,1.8572152853012085,0.014926562156990987,6,1.855012595653534,0.012066906147453853,6,0.9468000000000001,0.0004301162633521356,6,0.8187139355077564,0.0035793930640655456,6,0.810538623872673,0.00323345628107582,6,0.8285223039239562,0.005214651229064231,6,0.9940586688646377,0.000166369907428415,6,,,0,0.0,0.0,6,,,0,,,0,0.5496911267452664,0.004308406146310034,6,,,0,,,0
PEMS04,Sybil_Poisoning,FLTrust,6,1.1883907516797383,0.10136059520055231,6,2.0399350921312966,0.13988762337250013,6,2.2733121713002524,0.22850929752775417,6,0.9439583333333333,0.0010002083116364647,6,0.7991353246323256,0.013484114299260854,6,0.7951208101762198,0.008759877808364031,6,0.8106163972969918,0.019887163231214464,6,0.9938279973732679,0.00012815479059097713,6,0.8888888888888888,0.14018668041790236,6,0.01568717277406732,0.029843793449062992,6,1.0,0.0,6,1.0,0.0,6,0.08988310029685853,0.08858609506235787,6,0.0011330138788455061,0.002331994183236536,6,0.088750086418013,0.08953732831199203,6
PEMS04,Sybil_Poisoning,FedAvg,6,2.9506336450576782,0.1819433693034381,6,3.4583025773366294,0.17046403775869806,6,5.450922727584839,0.3071655602680943,6,0.8774083333333333,0.01134122641810253,6,0.6267321383734109,0.02226517361586883,6,0.6660430282144337,0.013987424985608855,6,0.7208702679015065,0.010507044290903498,6,0.9934954380714988,0.00016604237191226992,6,0.5,0.0,6,0.3,0.0,6,0.0,0.0,6,0.0,0.0,6,0.5,0.0,6,0.5,0.0,6,0.0,0.0,6
PEMS04,Sybil_Poisoning,FedProx,6,3.191174626350403,0.14088866674284364,6,3.720417936642965,0.13165449035022528,6,5.873956362406413,0.19950701629994871,6,0.8741916666666666,0.00771721560322548,6,0.5978314098106146,0.012921878983943105,6,0.6359098943456821,0.011203106502767589,6,0.7124124505178999,0.007065774312281782,6,0.9931864503145572,0.00013664245624752983,6,0.5,0.0,6,0.3,0.0,6,0.0,0.0,6,0.0,0.0,6,0.5,0.0,6,0.5,0.0,6,0.0,0.0,6
PEMS04,Sybil_Poisoning,Multi-Krum,6,1.0046161611874898,0.003189398054573551,6,1.864242951075236,0.014839101033600633,6,1.863659143447876,0.007514708473457084,6,0.9460833333333333,0.0005879342366852298,6,0.8156063100398437,0.0035086791812330076,6,0.8079770081750621,0.0036470926075491805,6,0.8246366895493832,0.004918085461264935,6,0.9940224661381363,6.847703974691144e-05,6,1.0,0.0,6,0.0,0.0,6,1.0,0.0,6,0.14285714285714282,3.0404709722440586e-17,6,0.6666666666666666,7.021666937153402e-17,6,0.11111111111111112,0.0,6,0.5555555555555555,7.021666937153402e-17,6
PEMS04,Sybil_Poisoning,SCAFFOLD,6,1.1494704087575276,0.06527358006027136,6,2.0281896392504373,0.03087987645500841,6,2.184313654899597,0.08488005205297247,6,0.9403083333333333,0.0022944316652859045,6,0.8003379606196453,0.002831187386324988,6,0.794434270329411,0.00879950762602598,6,0.8100794830185234,0.009120567592211122,6,0.993615688707556,0.00013360431198366859,6,0.5,0.0,6,0.3,0.0,6,0.0,0.0,6,0.0,0.0,6,0.5,0.0,6,0.5,0.0,6,0.0,0.0,6
PEMS04,Sybil_Poisoning,Static-Mamdani-FL,6,2.0154308875401816,0.09348124918437237,6,2.582805116971334,0.08294288928890733,6,3.7700724999109902,0.16608627581539306,6,0.9222666666666667,0.0028812612978809495,6,0.7428867586746669,0.013720225698803995,6,0.7461135701627963,0.013080479937967765,6,0.7849330495549526,0.0057682489166014615,6,0.9936280008619228,9.412417444362088e-05,6,1.0,0.0,6,0.19579324193457312,0.0033022866733563175,6,0.0,0.0,6,0.0,0.0,6,0.8595021499920766,0.018784517216766175,6,0.48811692855821837,0.002681201584374465,6,0.3713852214338584,0.01803514461440015,6
PEMS04,Sybil_Poisoning,ZeroTrust-ANFIS-FL,6,1.0042381485303242,0.002838203481795065,6,1.8626675804456074,0.00950936330509763,6,1.8618260820706685,0.013260744846063833,6,0.94665,0.0006737952211169288,6,0.8177175889640416,0.0026799226875244982,6,0.8090580070127747,0.002703685612209681,6,0.8280575418368604,0.00498153881248795,6,0.993901133153715,0.0003158552163931522,6,1.0,0.0,6,0.0,0.0,6,1.0,0.0,6,0.0,0.0,6,0.7056518066874026,0.026100290142620542,6,0.3109907538874252,0.025767591612985533,6,0.39466105279997743,0.04696861198599871,6
