Dataset,Algorithm,Attack,seed,had_cache,new_test_mae,d_test_mae,new_test_rmse,d_test_rmse,new_test_mape,d_test_mape,new_test_accuracy,d_test_accuracy,new_test_macro_f1,d_test_macro_f1,new_test_macro_recall,d_test_macro_recall,new_test_auc,d_test_auc,new_sec_trust_auc,d_sec_trust_auc,new_sec_malicious_weight_mass,d_sec_malicious_weight_mass,new_sec_tdr,d_sec_tdr,new_sec_fpr,d_sec_fpr,worst_delta,changed
METR-LA,Static-Mamdani-FL,Byzantine_Noise,42,True,2.7060248851776123,0.0,4.4913129806518555,0.0,6.697143077850342,0.0,0.82145,0.0,0.6735364225906446,0.0,0.6517987902010142,0.0,0.9733260164137179,0.0,1.0,0.0,0.1490404395628466,0.0,0.6666666666666666,0.0,0.0,0.0,0.0,False
METR-LA,Static-Mamdani-FL,Byzantine_Noise,43,True,3.1172897815704346,0.0,4.873133182525635,0.0,7.5492167472839355,0.0,0.82315,0.0,0.6693565784328803,0.0,0.6447538842686293,0.0,0.9736394441033608,0.0,1.0,0.0,0.15977143963068324,0.0,0.3333333333333333,0.0,0.0,0.0,0.0,False
METR-LA,Static-Mamdani-FL,Byzantine_Noise,44,True,2.6659998893737793,0.0,4.494231224060059,0.0,6.325789451599121,0.0,0.8279,0.0,0.695182515557007,0.0,0.6860935160248385,0.0,0.9732327086072537,0.0,1.0,0.0,0.1577149892163435,0.0,0.3333333333333333,0.0,0.0,0.0,0.0,False
METR-LA,Static-Mamdani-FL,Byzantine_Noise,45,True,2.8686883449554443,0.0,4.604478359222412,0.0,6.605038642883301,0.0,0.81015,0.0,0.6932513380263163,0.0,0.7010222546586664,0.0,0.9717358689014965,0.0,1.0,0.0,0.14595907289413418,0.0,1.0,0.0,0.0,0.0,0.0,False
METR-LA,Static-Mamdani-FL,Byzantine_Noise,46,True,3.285045623779297,0.0,5.100918769836426,0.0,7.667367935180664,0.0,0.8081,0.0,0.6381487887336227,0.0,0.604482893776819,0.0,0.9721965240516619,0.0,1.0,0.0,0.14668176780730313,0.0,0.6666666666666666,0.0,0.0,0.0,0.0,False
METR-LA,Static-Mamdani-FL,Byzantine_Noise,47,True,2.681683301925659,0.0,4.63169002532959,0.0,7.248575210571289,0.0,0.8229,0.0,0.6519400851310653,0.0,0.6257372748638355,0.0,0.9748752146260296,0.0,1.0,0.0,0.16601557601256312,0.0,0.6666666666666666,0.0,0.0,0.0,0.0,False
METR-LA,Static-Mamdani-FL,Label_Flipping,42,True,3.5740270614624023,0.0,5.1955742835998535,0.0,9.474227905273438,0.0,0.77485,0.0,0.5735907143461152,0.0,0.5700770276570182,0.0,0.9715193884765448,0.0,1.0,0.0,0.20526238016315984,0.0,0.0,0.0,0.0,0.0,0.0,False
METR-LA,Static-Mamdani-FL,Label_Flipping,43,True,3.6768696308135986,0.0,5.428526878356934,0.0,9.915729522705078,0.0,0.77295,0.0,0.5689027265806186,0.0,0.5623806142300557,0.0,0.9686444204172837,0.0,1.0,0.0,0.20708725186768906,0.0,0.0,0.0,0.0,0.0,0.0,False
METR-LA,Static-Mamdani-FL,Label_Flipping,44,True,3.485297203063965,0.0,5.321884632110596,0.0,9.531743049621582,0.0,0.78715,0.0,0.5756548704979123,0.0,0.5631522591334386,0.0,0.968349306220556,0.0,1.0,0.0,0.20906207824181958,0.0,0.0,0.0,0.0,0.0,0.0,False
METR-LA,Static-Mamdani-FL,Label_Flipping,45,True,3.7878899574279785,0.0,5.383764266967773,0.0,9.802613258361816,0.0,0.7638,0.0,0.5727539234705423,0.0,0.5657812901218003,0.0,0.9697593979479449,0.0,1.0,0.0,0.21377812268639165,0.0,0.0,0.0,0.0,0.0,0.0,False
METR-LA,Static-Mamdani-FL,Label_Flipping,46,True,3.5120468139648438,0.0,5.088335990905762,0.0,8.960439682006836,0.0,0.7817,0.0,0.6153637811940602,0.0,0.6054308433013699,0.0,0.9704156293803263,0.0,1.0,0.0,0.2006992567397435,0.0,0.0,0.0,0.0,0.0,0.0,False
METR-LA,Static-Mamdani-FL,Label_Flipping,47,True,3.727933645248413,0.0,5.42532205581665,0.0,10.096959114074707,0.0,0.7668,0.0,0.5371135743249608,0.0,0.5360298919204937,0.0,0.9700146828856694,0.0,1.0,0.0,0.2144292296075422,0.0,0.0,0.0,0.0,0.0,0.0,False
METR-LA,Static-Mamdani-FL,No_Attack,42,True,2.4189271926879883,0.0,4.343947410583496,0.0,5.880821704864502,0.0,0.8361,0.0,0.7077210345384961,0.0,0.6948125855114029,0.0,0.9748695656292615,0.0,,,0.0,0.0,,,,,0.0,False
METR-LA,Static-Mamdani-FL,No_Attack,43,True,2.428981304168701,0.0,4.360850811004639,0.0,5.954946041107178,0.0,0.83465,0.0,0.7014300650088128,0.0,0.6879385333181136,0.0,0.9750258834251094,0.0,,,0.0,0.0,,,,,0.0,False
METR-LA,Static-Mamdani-FL,No_Attack,44,True,2.439610719680786,0.0,4.373110294342041,0.0,6.058279514312744,0.0,0.83395,0.0,0.7008951241460497,0.0,0.6847290764874001,0.0,0.9746029692480069,0.0,,,0.0,0.0,,,,,0.0,False
METR-LA,Static-Mamdani-FL,No_Attack,45,True,2.4360227584838867,0.0,4.387661933898926,0.0,6.003166198730469,0.0,0.8363,0.0,0.7012399110253208,0.0,0.6867873491226314,0.0,0.9749132815294189,0.0,,,0.0,0.0,,,,,0.0,False
METR-LA,Static-Mamdani-FL,No_Attack,46,True,2.412968635559082,0.0,4.338858604431152,0.0,5.8970842361450195,0.0,0.8352,0.0,0.7019710738576167,0.0,0.6870464683770161,0.0,0.9749950931155456,0.0,,,0.0,0.0,,,,,0.0,False
METR-LA,Static-Mamdani-FL,No_Attack,47,True,2.421032190322876,0.0,4.343232154846191,0.0,5.964414596557617,0.0,0.83625,0.0,0.7023940660506652,0.0,0.6855106459505584,0.0,0.9751459312426219,0.0,,,0.0,0.0,,,,,0.0,False
METR-LA,Static-Mamdani-FL,Sybil_Poisoning,42,True,3.4562058448791504,0.0,4.90915060043335,0.0,8.371198654174805,0.0,0.7706,0.0,0.6552248443934282,0.0,0.6710722307549226,0.0,0.9740170388180593,0.0,1.0,0.0,0.2075818754393566,0.0,0.0,0.0,0.0,0.0,0.0,False
METR-LA,Static-Mamdani-FL,Sybil_Poisoning,43,True,3.981820821762085,0.0,5.325832843780518,0.0,9.477062225341797,0.0,0.71665,0.0,0.6155452223854375,0.0,0.6439249609216191,0.0,0.9721288070403586,0.0,1.0,0.0,0.21927811015922907,0.0,0.0,0.0,0.0,0.0,0.0,False
METR-LA,Static-Mamdani-FL,Sybil_Poisoning,44,True,3.6437714099884033,0.0,5.097122669219971,0.0,8.90835952758789,0.0,0.7593,0.0,0.6362497094655108,0.0,0.6515804931133357,0.0,0.972478376349023,0.0,1.0,0.0,0.2077461706779496,0.0,0.0,0.0,0.0,0.0,0.0,False
METR-LA,Static-Mamdani-FL,Sybil_Poisoning,45,True,4.087757110595703,0.0,5.381042957305908,0.0,9.098712921142578,0.0,0.70565,0.0,0.6348251338395067,0.0,0.6649580555199821,0.0,0.9708769249441366,0.0,1.0,0.0,0.2157747461295762,0.0,0.0,0.0,0.0,0.0,0.0,False
METR-LA,Static-Mamdani-FL,Sybil_Poisoning,46,True,4.042104244232178,0.0,5.329747676849365,0.0,9.357568740844727,0.0,0.71825,0.0,0.6233784116535661,0.0,0.6509664669151545,0.0,0.972092371352363,0.0,1.0,0.0,0.21221758748206287,0.0,0.0,0.0,0.0,0.0,0.0,False
METR-LA,Static-Mamdani-FL,Sybil_Poisoning,47,True,4.3905029296875,0.0,5.640864849090576,0.0,9.882725715637207,0.0,0.67395,0.0,0.6118876063446846,0.0,0.6474923264748428,0.0,0.9700098179597622,0.0,1.0,0.0,0.22123852178886494,0.0,0.0,0.0,0.0,0.0,0.0,False
PEMS-BAY,Static-Mamdani-FL,Byzantine_Noise,42,True,1.0643094778060913,0.0,1.735526204109192,0.0,2.120368480682373,0.0,0.94575,0.0,0.8233609653170809,0.0,0.8026447599105623,0.0,0.9956287592408544,0.0,1.0,0.0,0.1412585024815759,0.0,0.6666666666666666,0.0,0.0,0.0,0.0,False
PEMS-BAY,Static-Mamdani-FL,Byzantine_Noise,43,True,1.510828971862793,0.0,2.076674461364746,0.0,2.7160873413085938,0.0,0.94345,0.0,0.8276552034686093,0.0,0.8013457608519914,0.0,0.9956569396433462,0.0,1.0,0.0,0.16034857211660078,0.0,0.0,0.0,0.0,0.0,0.0,False
PEMS-BAY,Static-Mamdani-FL,Byzantine_Noise,44,True,1.1354243755340576,0.0,1.7534881830215454,0.0,2.096912384033203,0.0,0.9451,0.0,0.8420589902988176,0.0,0.8402754606992732,0.0,0.995536798160831,0.0,1.0,0.0,0.15076421252740935,0.0,0.3333333333333333,0.0,0.0,0.0,0.0,False
PEMS-BAY,Static-Mamdani-FL,Byzantine_Noise,45,True,1.1772807836532593,0.0,1.7897990942001343,0.0,2.1626696586608887,0.0,0.9419,0.0,0.8456508893783969,0.0,0.8607606165871188,0.0,0.9957122529859994,0.0,1.0,0.0,0.1409047755606352,0.0,0.3333333333333333,0.0,0.0,0.0,0.0,False
PEMS-BAY,Static-Mamdani-FL,Byzantine_Noise,46,True,2.269456148147583,0.0,2.737734317779541,0.0,3.9316086769104004,0.0,0.9324,0.0,0.808951098426486,0.0,0.771133161370906,0.0,0.9951527125104429,0.0,1.0,0.0,0.15656638868113285,0.0,0.6666666666666666,0.0,0.0,0.0,0.0,False
PEMS-BAY,Static-Mamdani-FL,Byzantine_Noise,47,True,1.0173778533935547,0.0,1.7200727462768555,0.0,2.0380561351776123,0.0,0.9449,0.0,0.8240935727709271,0.0,0.7994695976557804,0.0,0.9956191035045435,0.0,1.0,0.0,0.13663195896409455,0.0,0.6666666666666666,0.0,0.0,0.0,0.0,False
PEMS-BAY,Static-Mamdani-FL,Label_Flipping,42,True,1.7449697256088257,0.0,2.358008623123169,0.0,3.5786385536193848,0.0,0.9361,0.0,0.7390585428563404,0.0,0.7151718426067477,0.0,0.9955951783796628,0.0,1.0,0.0,0.19270015577649124,0.0,0.0,0.0,0.0,0.0,0.0,False
PEMS-BAY,Static-Mamdani-FL,Label_Flipping,43,True,1.6844415664672852,0.0,2.4058845043182373,0.0,3.6542811393737793,0.0,0.93175,0.0,0.7031807588624133,0.0,0.6728813837118424,0.0,0.9956725033487605,0.0,1.0,0.0,0.19654270847343386,0.0,0.0,0.0,0.0,0.0,0.0,False
PEMS-BAY,Static-Mamdani-FL,Label_Flipping,44,True,1.8292648792266846,0.0,2.7339649200439453,0.0,4.191926002502441,0.0,0.91825,0.0,0.6116945580387017,0.0,0.5884981192136726,0.0,0.9954014396562841,0.0,1.0,0.0,0.19300149599099517,0.0,0.0,0.0,0.0,0.0,0.0,False
PEMS-BAY,Static-Mamdani-FL,Label_Flipping,45,True,1.8230518102645874,0.0,2.768831253051758,0.0,4.206671714782715,0.0,0.9146,0.0,0.6004070929747715,0.0,0.5722079137838675,0.0,0.99558762507782,0.0,1.0,0.0,0.1964262295777932,0.0,0.0,0.0,0.0,0.0,0.0,False
PEMS-BAY,Static-Mamdani-FL,Label_Flipping,46,True,1.7997156381607056,0.0,2.4415106773376465,0.0,3.7459683418273926,0.0,0.9339,0.0,0.7235388430325855,0.0,0.7025215403428515,0.0,0.9955709979762186,0.0,1.0,0.0,0.2148747049221454,0.0,0.0,0.0,0.0,0.0,0.0,False
PEMS-BAY,Static-Mamdani-FL,Label_Flipping,47,True,1.7055327892303467,0.0,2.48132586479187,0.0,3.7617762088775635,0.0,0.92705,0.0,0.675285400156816,0.0,0.6453042941974261,0.0,0.9958607960035379,0.0,1.0,0.0,0.19285766913483238,0.0,0.0,0.0,0.0,0.0,0.0,False
PEMS-BAY,Static-Mamdani-FL,No_Attack,42,True,0.91404128074646,0.0,1.6296221017837524,0.0,1.758164405822754,0.0,0.95185,0.0,0.8532357657679561,0.0,0.8476947831422867,0.0,0.995835263769023,0.0,,,0.0,0.0,,,,,0.0,False
PEMS-BAY,Static-Mamdani-FL,No_Attack,43,True,0.9190477728843689,0.0,1.644948124885559,0.0,1.765432357788086,0.0,0.95125,0.0,0.8530706842264525,0.0,0.8500955084833365,0.0,0.9957463621181948,0.0,,,0.0,0.0,,,,,0.0,False
PEMS-BAY,Static-Mamdani-FL,No_Attack,44,True,0.9184771776199341,0.0,1.6353729963302612,0.0,1.7668853998184204,0.0,0.95115,0.0,0.8504055025125064,0.0,0.8481903848049444,0.0,0.9958485211950764,0.0,,,0.0,0.0,,,,,0.0,False
PEMS-BAY,Static-Mamdani-FL,No_Attack,45,True,0.911547839641571,0.0,1.6164244413375854,0.0,1.7574913501739502,0.0,0.9512,0.0,0.8524608171416677,0.0,0.8451604844258899,0.0,0.9959058830796017,0.0,,,0.0,0.0,,,,,0.0,False
PEMS-BAY,Static-Mamdani-FL,No_Attack,46,True,0.9132569432258606,0.0,1.6249351501464844,0.0,1.7582098245620728,0.0,0.9513,0.0,0.8510449176300856,0.0,0.8424413732752332,0.0,0.9959902514499146,0.0,,,0.0,0.0,,,,,0.0,False
PEMS-BAY,Static-Mamdani-FL,No_Attack,47,True,0.9106980562210083,0.0,1.6119191646575928,0.0,1.7519947290420532,0.0,0.95165,0.0,0.8525282454522619,0.0,0.8446072376340862,0.0,0.9959998366639756,0.0,,,0.0,0.0,,,,,0.0,False
PEMS-BAY,Static-Mamdani-FL,Sybil_Poisoning,42,True,1.9238351583480835,0.0,2.377375364303589,0.0,3.742178201675415,0.0,0.9146,0.0,0.7664408312894392,0.0,0.7865093760141375,0.0,0.9957507457573566,0.0,1.0,0.0,0.19249707141169986,0.0,0.0,0.0,0.0,0.0,0.0,False
PEMS-BAY,Static-Mamdani-FL,Sybil_Poisoning,43,True,2.2829205989837646,0.0,2.684782028198242,0.0,4.379762649536133,0.0,0.89575,0.0,0.7348059865187236,0.0,0.7641806570611751,0.0,0.9958891279236781,0.0,1.0,0.0,0.19123782576628057,0.0,0.0,0.0,0.0,0.0,0.0,False
PEMS-BAY,Static-Mamdani-FL,Sybil_Poisoning,44,True,2.0633718967437744,0.0,2.5197973251342773,0.0,4.077815055847168,0.0,0.9097,0.0,0.740379565714123,0.0,0.7629810103626223,0.0,0.995875100610812,0.0,1.0,0.0,0.1983232931727848,0.0,0.0,0.0,0.0,0.0,0.0,False
PEMS-BAY,Static-Mamdani-FL,Sybil_Poisoning,45,True,2.0195367336273193,0.0,2.484569549560547,0.0,3.9860222339630127,0.0,0.91365,0.0,0.7454801161186906,0.0,0.7649194576234972,0.0,0.995842705696175,0.0,1.0,0.0,0.19627430483776376,0.0,0.0,0.0,0.0,0.0,0.0,False
PEMS-BAY,Static-Mamdani-FL,Sybil_Poisoning,46,True,2.2810235023498535,0.0,2.712711811065674,0.0,4.467172622680664,0.0,0.8913,0.0,0.7219772196089652,0.0,0.7566596533511818,0.0,0.99578584489673,0.0,1.0,0.0,0.20789280720181746,0.0,0.0,0.0,0.0,0.0,0.0,False
PEMS-BAY,Static-Mamdani-FL,Sybil_Poisoning,47,True,2.089017391204834,0.0,2.5624568462371826,0.0,4.158977508544922,0.0,0.903,0.0,0.729948440530402,0.0,0.7579560047817383,0.0,0.9957631301208488,0.0,1.0,0.0,0.192750074757686,0.0,0.0,0.0,0.0,0.0,0.0,False
PEMS04,Static-Mamdani-FL,Byzantine_Noise,42,True,1.0643476247787476,0.0,1.8957713842391968,0.0,1.9944891929626465,0.0,0.94495,0.0,0.8119919699141036,0.0,0.7844663794353023,0.0,0.9934697693891115,0.0,1.0,0.0,0.14588072319595463,0.0,0.6666666666666666,0.0,0.0,0.0,0.0,False
PEMS04,Static-Mamdani-FL,Byzantine_Noise,43,True,1.8336567878723145,0.0,2.47745680809021,0.0,3.2054543495178223,0.0,0.93585,0.0,0.7892658172686257,0.0,0.7512302280158464,0.0,0.9936425245440669,0.0,1.0,0.0,0.1771790382289493,0.0,0.3333333333333333,0.0,0.0,0.0,0.0,False
PEMS04,Static-Mamdani-FL,Byzantine_Noise,44,True,1.07691490650177,0.0,1.9715253114700317,0.0,2.0758228302001953,0.0,0.94515,0.0,0.8024816648331965,0.0,0.7953621864866612,0.0,0.9938227664690411,0.0,1.0,0.0,0.14373653697984803,0.0,0.3333333333333333,0.0,0.0,0.0,0.0,False
PEMS04,Static-Mamdani-FL,Byzantine_Noise,45,True,1.2861918210983276,0.0,2.032743453979492,0.0,2.297327756881714,0.0,0.9395,0.0,0.8102069657352882,0.0,0.8245770408765308,0.0,0.9937496047814507,0.0,1.0,0.0,0.13939444829353323,0.0,0.6666666666666666,0.0,0.0,0.0,0.0,False
PEMS04,Static-Mamdani-FL,Byzantine_Noise,46,True,1.6543503999710083,0.0,2.3341269493103027,0.0,2.953343391418457,0.0,0.9394,0.0,0.7894327587858028,0.0,0.7544698348078074,0.0,0.9936897511333411,0.0,1.0,0.0,0.13186230306620603,0.0,1.0,0.0,0.0,0.0,0.0,False
PEMS04,Static-Mamdani-FL,Byzantine_Noise,47,True,1.0815094709396362,0.0,1.9207156896591187,0.0,2.087664842605591,0.0,0.94465,0.0,0.8069078920038179,0.0,0.7821617184112251,0.0,0.9938185110965153,0.0,1.0,0.0,0.1435269143541943,0.0,1.0,0.0,0.0,0.0,0.0,False
PEMS04,Static-Mamdani-FL,Label_Flipping,42,True,1.7262130975723267,0.0,2.560245990753174,0.0,3.5343191623687744,0.0,0.93075,0.0,0.666438444835638,0.0,0.6239506599042344,0.0,0.9935035643563705,0.0,1.0,0.0,0.19062812189067144,0.0,0.0,0.0,0.0,0.0,0.0,False
PEMS04,Static-Mamdani-FL,Label_Flipping,43,True,1.6475416421890259,0.0,2.3596460819244385,0.0,3.1528263092041016,0.0,0.93995,0.0,0.7534163263414108,0.0,0.7134183036562671,0.0,0.9934652527344043,0.0,1.0,0.0,0.19590634769369913,0.0,0.0,0.0,0.0,0.0,0.0,False
PEMS04,Static-Mamdani-FL,Label_Flipping,44,True,1.915751576423645,0.0,2.9946775436401367,0.0,4.1899333000183105,0.0,0.91205,0.0,0.5178876298865843,0.0,0.4822424155860059,0.0,0.9932223354376872,0.0,1.0,0.0,0.20136477714666784,0.0,0.0,0.0,0.0,0.0,0.0,False
PEMS04,Static-Mamdani-FL,Label_Flipping,45,True,1.8042356967926025,0.0,2.6937808990478516,0.0,3.7597596645355225,0.0,0.92365,0.0,0.6140602255627102,0.0,0.5704332990510071,0.0,0.9938145091026968,0.0,1.0,0.0,0.19417246000264754,0.0,0.0,0.0,0.0,0.0,0.0,False
PEMS04,Static-Mamdani-FL,Label_Flipping,46,True,1.7747451066970825,0.0,2.508493185043335,0.0,3.466331958770752,0.0,0.9347,0.0,0.7137641848079238,0.0,0.6720906977328139,0.0,0.9939723740628217,0.0,1.0,0.0,0.2011556800588851,0.0,0.0,0.0,0.0,0.0,0.0,False
PEMS04,Static-Mamdani-FL,Label_Flipping,47,True,1.796064019203186,0.0,2.5019843578338623,0.0,3.5192110538482666,0.0,0.9355,0.0,0.7124119138088236,0.0,0.6793629040535618,0.0,0.9938314967462046,0.0,1.0,0.0,0.19756881709873536,0.0,0.0,0.0,0.0,0.0,0.0,False
PEMS04,Static-Mamdani-FL,No_Attack,42,True,0.9973778128623962,0.0,1.8505520820617676,0.0,1.8529478311538696,0.0,0.9475,0.0,0.8231817941405349,0.0,0.8115402682785884,0.0,0.9941235475078851,0.0,,,0.0,0.0,,,,,0.0,False
PEMS04,Static-Mamdani-FL,No_Attack,43,True,0.9975150227546692,0.0,1.8505878448486328,0.0,1.8539342880249023,0.0,0.94695,0.0,0.8179072030137101,0.0,0.8100713557988666,0.0,0.9941465711655372,0.0,,,0.0,0.0,,,,,0.0,False
PEMS04,Static-Mamdani-FL,No_Attack,44,True,0.9997227787971497,0.0,1.8416787385940552,0.0,1.8447542190551758,0.0,0.94685,0.0,0.8191346925201435,0.0,0.8135601080568927,0.0,0.9942868055200508,0.0,,,0.0,0.0,,,,,0.0,False
PEMS04,Static-Mamdani-FL,No_Attack,45,True,1.0024007558822632,0.0,1.8522028923034668,0.0,1.8706377744674683,0.0,0.9466,0.0,0.8191817016148597,0.0,0.8149767749113476,0.0,0.994146906144762,0.0,,,0.0,0.0,,,,,0.0,False
PEMS04,Static-Mamdani-FL,No_Attack,46,True,0.9957408308982849,0.0,1.8447909355163574,0.0,1.8498845100402832,0.0,0.9473,0.0,0.8226471006111605,0.0,0.8154443186220016,0.0,0.9940813505169375,0.0,,,0.0,0.0,,,,,0.0,False
PEMS04,Static-Mamdani-FL,No_Attack,47,True,0.9972670078277588,0.0,1.8545615673065186,0.0,1.8559513092041016,0.0,0.9476,0.0,0.8214194273247262,0.0,0.8101758797922078,0.0,0.9941157065231978,0.0,,,0.0,0.0,,,,,0.0,False
PEMS04,Static-Mamdani-FL,Sybil_Poisoning,42,True,1.9243521690368652,0.0,2.485417127609253,0.0,3.5767288208007812,0.0,0.9246,0.0,0.7596037159239133,0.0,0.7615108499082595,0.0,0.9937109230022761,0.0,1.0,0.0,0.1922895073881586,0.0,0.0,0.0,0.0,0.0,0.0,False
PEMS04,Static-Mamdani-FL,Sybil_Poisoning,43,True,2.094524621963501,0.0,2.6495907306671143,0.0,3.9145286083221436,0.0,0.92095,0.0,0.7356290451498129,0.0,0.7384150747325329,0.0,0.993446525875626,0.0,1.0,0.0,0.19561389203846252,0.0,0.0,0.0,0.0,0.0,0.0,False
PEMS04,Static-Mamdani-FL,Sybil_Poisoning,44,True,1.9239599704742432,0.0,2.491915464401245,0.0,3.5725913047790527,0.0,0.9254,0.0,0.7571584363302509,0.0,0.7580038760432897,0.0,0.9936730864812684,0.0,1.0,0.0,0.19425185410585488,0.0,0.0,0.0,0.0,0.0,0.0,False
PEMS04,Static-Mamdani-FL,Sybil_Poisoning,45,True,2.1563870906829834,0.0,2.692737340927124,0.0,3.96807599067688,0.0,0.91735,0.0,0.746510500686026,0.0,0.7530237790234787,0.0,0.9936707780585359,0.0,1.0,0.0,0.19457142553872936,0.0,0.0,0.0,0.0,0.0,0.0,False
PEMS04,Static-Mamdani-FL,Sybil_Poisoning,46,True,2.0067765712738037,0.0,2.5930593013763428,0.0,3.806504726409912,0.0,0.9225,0.0,0.7261977159244474,0.0,0.7297886209810385,0.0,0.9936501953438043,0.0,1.0,0.0,0.19605234058065002,0.0,0.0,0.0,0.0,0.0,0.0,False
PEMS04,Static-Mamdani-FL,Sybil_Poisoning,47,True,1.9865849018096924,0.0,2.584110736846924,0.0,3.782005548477173,0.0,0.9228,0.0,0.7322211380335515,0.0,0.735939220288179,0.0,0.9936164964100271,0.0,1.0,0.0,0.2019804319555833,0.0,0.0,0.0,0.0,0.0,0.0,False
METR-LA,ZeroTrust-ANFIS-FL,Byzantine_Noise,42,True,2.446674108505249,0.0,4.384832859039307,0.0,6.101767063140869,0.0,0.8342,0.0,0.7018844357658889,0.0,0.6899770854423224,0.0,0.9749706569659913,0.0,1.0,0.0,0.0,0.0,1.0,0.0,0.0,0.0,0.0,False
METR-LA,ZeroTrust-ANFIS-FL,Byzantine_Noise,43,True,2.451953887939453,0.0,4.391625881195068,0.0,6.052900314331055,0.0,0.8359,0.0,0.7019588798103668,0.0,0.6849827541014092,0.0,0.9745821020989934,0.0,1.0,0.0,0.0,0.0,1.0,0.0,0.0,0.0,0.0,False
METR-LA,ZeroTrust-ANFIS-FL,Byzantine_Noise,44,True,2.4473893642425537,0.0,4.375633716583252,0.0,6.070872783660889,0.0,0.8339,0.0,0.698166457474857,0.0,0.6811050944598136,0.0,0.9750152603211348,0.0,1.0,0.0,0.0,0.0,1.0,0.0,0.0,0.0,0.0,False
METR-LA,ZeroTrust-ANFIS-FL,Byzantine_Noise,45,True,2.452662467956543,0.0,4.440195560455322,0.0,6.072803020477295,0.0,0.83575,0.0,0.6997847980921146,0.0,0.6831962834463052,0.0,0.9738557682798951,0.0,1.0,0.0,0.0,0.0,1.0,0.0,0.0,0.0,0.0,False
METR-LA,ZeroTrust-ANFIS-FL,Byzantine_Noise,46,True,2.451167583465576,0.0,4.371747970581055,0.0,6.022251605987549,0.0,0.8323,0.0,0.6955276946833214,0.0,0.6816223151419802,0.0,0.9750003621788449,0.0,1.0,0.0,0.0,0.0,1.0,0.0,0.0,0.0,0.0,False
METR-LA,ZeroTrust-ANFIS-FL,Byzantine_Noise,47,True,2.4535317420959473,0.0,4.403642177581787,0.0,6.14687442779541,0.0,0.8334,0.0,0.6985259354622898,0.0,0.6804621112757521,0.0,0.9741459164112652,0.0,1.0,0.0,0.0,0.0,1.0,0.0,0.0,0.0,0.0,False
METR-LA,ZeroTrust-ANFIS-FL,Label_Flipping,42,True,2.448091506958008,0.0,4.375246524810791,0.0,6.12244176864624,0.0,0.8333,0.0,0.701144459277275,0.0,0.6869053183954809,0.0,0.9747631570532389,0.0,1.0,0.0,0.0,0.0,1.0,0.0,0.0,0.0,0.0,False
METR-LA,ZeroTrust-ANFIS-FL,Label_Flipping,43,True,2.4682586193084717,0.0,4.422197341918945,0.0,6.047443866729736,0.0,0.83285,0.0,0.69645372199077,0.0,0.6842253831562398,0.0,0.9740289092437184,0.0,1.0,0.0,0.0,0.0,1.0,0.0,0.2857142857142857,0.0,0.0,False
METR-LA,ZeroTrust-ANFIS-FL,Label_Flipping,44,True,2.449333906173706,0.0,4.394564151763916,0.0,5.989767551422119,0.0,0.83535,0.0,0.7021334720432677,0.0,0.6851001685171407,0.0,0.9746571131320894,0.0,1.0,0.0,0.0,0.0,1.0,0.0,0.14285714285714285,0.0,0.0,False
METR-LA,ZeroTrust-ANFIS-FL,Label_Flipping,45,True,2.4616341590881348,0.0,4.438797473907471,0.0,6.096734523773193,0.0,0.8344,0.0,0.699379967765786,0.0,0.6830249081396864,0.0,0.9740944916776837,0.0,1.0,0.0,0.0,0.0,1.0,0.0,0.0,0.0,0.0,False
METR-LA,ZeroTrust-ANFIS-FL,Label_Flipping,46,True,2.4312868118286133,0.0,4.34032678604126,0.0,5.936745643615723,0.0,0.8333,0.0,0.6961639451720159,0.0,0.6817089814916726,0.0,0.9752566830243744,0.0,1.0,0.0,0.0,0.0,1.0,0.0,0.0,0.0,0.0,False
METR-LA,ZeroTrust-ANFIS-FL,Label_Flipping,47,True,2.4697203636169434,0.0,4.419930934906006,0.0,5.978043556213379,0.0,0.83285,0.0,0.6962177968394816,0.0,0.6821618040607167,0.0,0.9740713401497565,0.0,0.9523809523809524,0.0,0.0,0.0,1.0,0.0,0.2857142857142857,0.0,0.0,False
METR-LA,ZeroTrust-ANFIS-FL,No_Attack,42,True,2.4282445907592773,0.0,4.364515781402588,0.0,5.92395544052124,0.0,0.83485,0.0,0.70041533360695,0.0,0.6873438651075553,0.0,0.9745844570161094,0.0,,,0.0,0.0,,,,,0.0,False
METR-LA,ZeroTrust-ANFIS-FL,No_Attack,43,True,2.44888973236084,0.0,4.416804313659668,0.0,5.995448589324951,0.0,0.8329,0.0,0.694524325010976,0.0,0.681446454389247,0.0,0.9743344989193021,0.0,,,0.0,0.0,,,,,0.0,False
METR-LA,ZeroTrust-ANFIS-FL,No_Attack,44,True,2.4252679347991943,0.0,4.348840236663818,0.0,5.998403072357178,0.0,0.83585,0.0,0.7048147433034966,0.0,0.6887494723252172,0.0,0.9748151557264468,0.0,,,0.0,0.0,,,,,0.0,False
METR-LA,ZeroTrust-ANFIS-FL,No_Attack,45,True,2.4257147312164307,0.0,4.371705055236816,0.0,5.932937145233154,0.0,0.83515,0.0,0.7016728304845994,0.0,0.6886834319689351,0.0,0.9751105933986244,0.0,,,0.0,0.0,,,,,0.0,False
METR-LA,ZeroTrust-ANFIS-FL,No_Attack,46,True,2.4182722568511963,0.0,4.341287612915039,0.0,5.836909770965576,0.0,0.83495,0.0,0.7019485731098694,0.0,0.6910419182180354,0.0,0.9749579492770667,0.0,,,0.0,0.0,,,,,0.0,False
METR-LA,ZeroTrust-ANFIS-FL,No_Attack,47,True,2.416921854019165,0.0,4.347750663757324,0.0,5.851224422454834,0.0,0.8364,0.0,0.7038890257544472,0.0,0.690345038293804,0.0,0.9750933629781882,0.0,,,0.0,0.0,,,,,0.0,False
METR-LA,ZeroTrust-ANFIS-FL,Sybil_Poisoning,42,True,2.4604499340057373,0.0,4.414852142333984,0.0,6.08234977722168,0.0,0.8333,0.0,0.7003850802553977,0.0,0.6887332602389433,0.0,0.9748652881780059,0.0,1.0,0.0,0.0,0.0,1.0,0.0,0.0,0.0,0.0,False
METR-LA,ZeroTrust-ANFIS-FL,Sybil_Poisoning,43,True,2.493208646774292,0.0,4.4815802574157715,0.0,6.1172051429748535,0.0,0.83265,0.0,0.6947302213303047,0.0,0.6825551485130605,0.0,0.9736653153587276,0.0,1.0,0.0,0.0,0.0,1.0,0.0,0.2857142857142857,0.0,0.0,False
METR-LA,ZeroTrust-ANFIS-FL,Sybil_Poisoning,44,True,2.4540889263153076,0.0,4.371325492858887,0.0,6.168184280395508,0.0,0.83385,0.0,0.6990957642753244,0.0,0.6799569525124797,0.0,0.9748883725260176,0.0,1.0,0.0,0.0,0.0,1.0,0.0,0.0,0.0,0.0,False
METR-LA,ZeroTrust-ANFIS-FL,Sybil_Poisoning,45,True,2.4709737300872803,0.0,4.476828098297119,0.0,6.1833086013793945,0.0,0.8357,0.0,0.6989986860167454,0.0,0.6827973650482557,0.0,0.9736655225166297,0.0,1.0,0.0,0.0,0.0,1.0,0.0,0.0,0.0,0.0,False
METR-LA,ZeroTrust-ANFIS-FL,Sybil_Poisoning,46,True,2.446751594543457,0.0,4.37742805480957,0.0,5.921998023986816,0.0,0.8345,0.0,0.7025490560035326,0.0,0.6897758916216509,0.0,0.9749646864908712,0.0,1.0,0.0,0.0,0.0,1.0,0.0,0.0,0.0,0.0,False
METR-LA,ZeroTrust-ANFIS-FL,Sybil_Poisoning,47,True,2.457900285720825,0.0,4.428239822387695,0.0,6.040435314178467,0.0,0.8342,0.0,0.696074098281802,0.0,0.67668053202997,0.0,0.9742583651807551,0.0,1.0,0.0,0.0,0.0,1.0,0.0,0.2857142857142857,0.0,0.0,False
PEMS-BAY,ZeroTrust-ANFIS-FL,Byzantine_Noise,42,True,0.9163886904716492,0.0,1.6315871477127075,0.0,1.768188238143921,0.0,0.9514,0.0,0.852131019433102,0.0,0.8460355355272698,0.0,0.995929281914208,0.0,1.0,0.0,0.0,0.0,1.0,0.0,0.0,0.0,0.0,False
PEMS-BAY,ZeroTrust-ANFIS-FL,Byzantine_Noise,43,True,0.9259545803070068,0.0,1.6546193361282349,0.0,1.78429114818573,0.0,0.95095,0.0,0.8493993508117038,0.0,0.8489631164587177,0.0,0.9958681221099778,0.0,1.0,0.0,0.0,0.0,1.0,0.0,0.0,0.0,0.0,False
PEMS-BAY,ZeroTrust-ANFIS-FL,Byzantine_Noise,44,True,0.9219213724136353,0.0,1.6288580894470215,0.0,1.7778493165969849,0.0,0.9507,0.0,0.8503917756869578,0.0,0.8453028978251231,0.0,0.9958486857685633,0.0,1.0,0.0,0.0,0.0,1.0,0.0,0.0,0.0,0.0,False
PEMS-BAY,ZeroTrust-ANFIS-FL,Byzantine_Noise,45,True,0.9306476712226868,0.0,1.6702030897140503,0.0,1.802362084388733,0.0,0.95065,0.0,0.8494255248348124,0.0,0.8433874043856218,0.0,0.9957153631777241,0.0,1.0,0.0,0.0,0.0,1.0,0.0,0.0,0.0,0.0,False
PEMS-BAY,ZeroTrust-ANFIS-FL,Byzantine_Noise,46,True,0.9169354438781738,0.0,1.6251280307769775,0.0,1.7620434761047363,0.0,0.95185,0.0,0.8533411672344255,0.0,0.8444795883278203,0.0,0.9958163472750495,0.0,1.0,0.0,0.0,0.0,1.0,0.0,0.0,0.0,0.0,False
PEMS-BAY,ZeroTrust-ANFIS-FL,Byzantine_Noise,47,True,0.9227839708328247,0.0,1.6381311416625977,0.0,1.7809929847717285,0.0,0.95105,0.0,0.8522413385368095,0.0,0.8433058407908405,0.0,0.9957585180925806,0.0,1.0,0.0,0.0,0.0,1.0,0.0,0.0,0.0,0.0,False
PEMS-BAY,ZeroTrust-ANFIS-FL,Label_Flipping,42,True,0.9198247790336609,0.0,1.6528279781341553,0.0,1.7675684690475464,0.0,0.9517,0.0,0.8531844955909298,0.0,0.8484049071128463,0.0,0.9958375257989268,0.0,1.0,0.0,0.0,0.0,1.0,0.0,0.0,0.0,0.0,False
PEMS-BAY,ZeroTrust-ANFIS-FL,Label_Flipping,43,True,0.9232822060585022,0.0,1.6529338359832764,0.0,1.7717341184616089,0.0,0.9506,0.0,0.8493641142490139,0.0,0.8459726818858903,0.0,0.9957879543295528,0.0,1.0,0.0,0.0,0.0,1.0,0.0,0.0,0.0,0.0,False
PEMS-BAY,ZeroTrust-ANFIS-FL,Label_Flipping,44,True,0.9223347902297974,0.0,1.631641149520874,0.0,1.7748759984970093,0.0,0.95085,0.0,0.8511093529033564,0.0,0.846139088834887,0.0,0.9959252212902869,0.0,1.0,0.0,0.0,0.0,1.0,0.0,0.0,0.0,0.0,False
PEMS-BAY,ZeroTrust-ANFIS-FL,Label_Flipping,45,True,0.9258005619049072,0.0,1.6461023092269897,0.0,1.7968552112579346,0.0,0.9507,0.0,0.8502192011574247,0.0,0.8411325939086292,0.0,0.9958328816025284,0.0,1.0,0.0,0.0,0.0,1.0,0.0,0.0,0.0,0.0,False
PEMS-BAY,ZeroTrust-ANFIS-FL,Label_Flipping,46,True,0.916168749332428,0.0,1.630855917930603,0.0,1.7622230052947998,0.0,0.95175,0.0,0.8546547416572349,0.0,0.8485360553828307,0.0,0.9958588882287942,0.0,1.0,0.0,0.0,0.0,1.0,0.0,0.0,0.0,0.0,False
PEMS-BAY,ZeroTrust-ANFIS-FL,Label_Flipping,47,True,0.9240351319313049,0.0,1.641041874885559,0.0,1.7876776456832886,0.0,0.95035,0.0,0.8498488032127168,0.0,0.8409881197167584,0.0,0.995830272346393,0.0,1.0,0.0,0.0,0.0,1.0,0.0,0.0,0.0,0.0,False
PEMS-BAY,ZeroTrust-ANFIS-FL,No_Attack,42,True,0.9140862226486206,0.0,1.627769947052002,0.0,1.7555789947509766,0.0,0.9517,0.0,0.8527198267475985,0.0,0.8462244854732012,0.0,0.9959107570256664,0.0,,,0.0,0.0,,,,,0.0,False
PEMS-BAY,ZeroTrust-ANFIS-FL,No_Attack,43,True,0.9209429621696472,0.0,1.650359869003296,0.0,1.7694573402404785,0.0,0.9513,0.0,0.8516229144103308,0.0,0.8480669238624239,0.0,0.9957844735188927,0.0,,,0.0,0.0,,,,,0.0,False
PEMS-BAY,ZeroTrust-ANFIS-FL,No_Attack,44,True,0.9168757796287537,0.0,1.6277697086334229,0.0,1.7667481899261475,0.0,0.95095,0.0,0.8495274818079668,0.0,0.8458724740043913,0.0,0.9959311604096924,0.0,,,0.0,0.0,,,,,0.0,False
PEMS-BAY,ZeroTrust-ANFIS-FL,No_Attack,45,True,0.9161232709884644,0.0,1.6270134449005127,0.0,1.7681366205215454,0.0,0.95135,0.0,0.8538221135782573,0.0,0.8483478983561543,0.0,0.9959669319453782,0.0,,,0.0,0.0,,,,,0.0,False
PEMS-BAY,ZeroTrust-ANFIS-FL,No_Attack,46,True,0.9150405526161194,0.0,1.6235982179641724,0.0,1.763306975364685,0.0,0.9517,0.0,0.8532335842809766,0.0,0.8467339861618408,0.0,0.9960731351525574,0.0,,,0.0,0.0,,,,,0.0,False
PEMS-BAY,ZeroTrust-ANFIS-FL,No_Attack,47,True,0.9098604321479797,0.0,1.6050951480865479,0.0,1.7531709671020508,0.0,0.95155,0.0,0.8536033865816919,0.0,0.8447369780894018,0.0,0.996077750609169,0.0,,,0.0,0.0,,,,,0.0,False
PEMS-BAY,ZeroTrust-ANFIS-FL,Sybil_Poisoning,42,True,0.9211041927337646,0.0,1.6421746015548706,0.0,1.7650084495544434,0.0,0.9516,0.0,0.8541675683316242,0.0,0.8489348028171617,0.0,0.9958820412291125,0.0,1.0,0.0,0.0,0.0,1.0,0.0,0.0,0.0,0.0,False
PEMS-BAY,ZeroTrust-ANFIS-FL,Sybil_Poisoning,43,True,0.9234763383865356,0.0,1.642292857170105,0.0,1.779011845588684,0.0,0.9516,0.0,0.8517602694830574,0.0,0.8488947033865883,0.0,0.9959178473924553,0.0,1.0,0.0,0.0,0.0,1.0,0.0,0.0,0.0,0.0,False
PEMS-BAY,ZeroTrust-ANFIS-FL,Sybil_Poisoning,44,True,0.9277046918869019,0.0,1.6561250686645508,0.0,1.7877804040908813,0.0,0.9512,0.0,0.8523248868806824,0.0,0.8513734036827889,0.0,0.9958383825422562,0.0,1.0,0.0,0.0,0.0,1.0,0.0,0.0,0.0,0.0,False
PEMS-BAY,ZeroTrust-ANFIS-FL,Sybil_Poisoning,45,True,0.9220821261405945,0.0,1.6462253332138062,0.0,1.7894426584243774,0.0,0.95125,0.0,0.8522679400086055,0.0,0.8440150034692134,0.0,0.9957370929295519,0.0,1.0,0.0,0.0,0.0,1.0,0.0,0.0,0.0,0.0,False
PEMS-BAY,ZeroTrust-ANFIS-FL,Sybil_Poisoning,46,True,0.9192495942115784,0.0,1.6384203433990479,0.0,1.7662588357925415,0.0,0.9511,0.0,0.850514717760484,0.0,0.8451647075477439,0.0,0.9958347486236858,0.0,1.0,0.0,0.0,0.0,1.0,0.0,0.0,0.0,0.0,False
PEMS-BAY,ZeroTrust-ANFIS-FL,Sybil_Poisoning,47,True,0.9166885018348694,0.0,1.64141845703125,0.0,1.7591116428375244,0.0,0.9513,0.0,0.8530729448840336,0.0,0.8468937119371386,0.0,0.995726102077283,0.0,1.0,0.0,0.0,0.0,1.0,0.0,0.0,0.0,0.0,False
PEMS04,ZeroTrust-ANFIS-FL,Byzantine_Noise,42,True,1.0005601644515991,0.0,1.8540016412734985,0.0,1.8577245473861694,0.0,0.94745,0.0,0.8203579318913772,0.0,0.8092815737820886,0.0,0.9940671864284889,0.0,1.0,0.0,0.0,0.0,1.0,0.0,0.0,0.0,0.0,False
PEMS04,ZeroTrust-ANFIS-FL,Byzantine_Noise,43,True,1.003264307975769,0.0,1.8448759317398071,0.0,1.8574495315551758,0.0,0.94775,0.0,0.8231721991598194,0.0,0.8126912679453653,0.0,0.9941037817405951,0.0,1.0,0.0,0.0,0.0,1.0,0.0,0.0,0.0,0.0,False
PEMS04,ZeroTrust-ANFIS-FL,Byzantine_Noise,44,True,1.0111000537872314,0.0,1.862409234046936,0.0,1.8902705907821655,0.0,0.94645,0.0,0.818732383037216,0.0,0.80825648033867,0.0,0.9940905116429614,0.0,1.0,0.0,0.0,0.0,1.0,0.0,0.0,0.0,0.0,False
PEMS04,ZeroTrust-ANFIS-FL,Byzantine_Noise,45,True,1.0061529874801636,0.0,1.874536156654358,0.0,1.8651820421218872,0.0,0.94635,0.0,0.8140977889167766,0.0,0.807768929675345,0.0,0.9941988118220026,0.0,1.0,0.0,0.0,0.0,1.0,0.0,0.0,0.0,0.0,False
PEMS04,ZeroTrust-ANFIS-FL,Byzantine_Noise,46,True,1.0066487789154053,0.0,1.8735578060150146,0.0,1.866506814956665,0.0,0.9464,0.0,0.8201324456033092,0.0,0.8148759658910031,0.0,0.9939555793881256,0.0,1.0,0.0,0.0,0.0,1.0,0.0,0.0,0.0,0.0,False
PEMS04,ZeroTrust-ANFIS-FL,Byzantine_Noise,47,True,1.0066784620285034,0.0,1.8606066703796387,0.0,1.8800506591796875,0.0,0.9464,0.0,0.8168305993446421,0.0,0.8047517533666276,0.0,0.9939398449907005,0.0,1.0,0.0,0.0,0.0,1.0,0.0,0.0,0.0,0.0,False
PEMS04,ZeroTrust-ANFIS-FL,Label_Flipping,42,True,1.0027750730514526,0.0,1.8550082445144653,0.0,1.8553392887115479,0.0,0.94715,0.0,0.8216373032417039,0.0,0.8135589799245505,0.0,0.9936287351843363,0.0,1.0,0.0,0.0,0.0,1.0,0.0,0.0,0.0,0.0,False
PEMS04,ZeroTrust-ANFIS-FL,Label_Flipping,43,True,1.0061976909637451,0.0,1.8692724704742432,0.0,1.8641124963760376,0.0,0.94685,0.0,0.8193341441230013,0.0,0.8125438853149252,0.0,0.9938622497867331,0.0,1.0,0.0,0.0,0.0,1.0,0.0,0.0,0.0,0.0,False
PEMS04,ZeroTrust-ANFIS-FL,Label_Flipping,44,True,1.0078108310699463,0.0,1.8491322994232178,0.0,1.8895334005355835,0.0,0.94645,0.0,0.8175048225006186,0.0,0.8070598421410663,0.0,0.993991582702045,0.0,1.0,0.0,0.0,0.0,1.0,0.0,0.0,0.0,0.0,False
PEMS04,ZeroTrust-ANFIS-FL,Label_Flipping,45,True,1.011344313621521,0.0,1.8838590383529663,0.0,1.8934259414672852,0.0,0.9458,0.0,0.8097172521083499,0.0,0.8021223132977896,0.0,0.9939337780152597,0.0,1.0,0.0,0.0,0.0,1.0,0.0,0.0,0.0,0.0,False
PEMS04,ZeroTrust-ANFIS-FL,Label_Flipping,46,True,1.004136562347412,0.0,1.8676061630249023,0.0,1.8495032787322998,0.0,0.94615,0.0,0.8127697203466322,0.0,0.8038015622068017,0.0,0.9939567053149296,0.0,1.0,0.0,0.0,0.0,1.0,0.0,0.0,0.0,0.0,False
PEMS04,ZeroTrust-ANFIS-FL,Label_Flipping,47,True,1.0057454109191895,0.0,1.8597602844238281,0.0,1.8749064207077026,0.0,0.94585,0.0,0.8146629144201057,0.0,0.8079580388155858,0.0,0.9940686500963242,0.0,1.0,0.0,0.0,0.0,1.0,0.0,0.0,0.0,0.0,False
PEMS04,ZeroTrust-ANFIS-FL,No_Attack,42,True,1.0068525075912476,0.0,1.8763996362686157,0.0,1.8635339736938477,0.0,0.9468,0.0,0.8171283767563379,0.0,0.8090400493420612,0.0,0.9937667026507399,0.0,,,0.0,0.0,,,,,0.0,False
PEMS04,ZeroTrust-ANFIS-FL,No_Attack,43,True,1.0030778646469116,0.0,1.872925043106079,0.0,1.8649604320526123,0.0,0.9466,0.0,0.8143931457142717,0.0,0.8095490143306252,0.0,0.9939897700490905,0.0,,,0.0,0.0,,,,,0.0,False
PEMS04,ZeroTrust-ANFIS-FL,No_Attack,44,True,0.9977736473083496,0.0,1.8384370803833008,0.0,1.846230387687683,0.0,0.9474,0.0,0.8247271923905967,0.0,0.814962679727626,0.0,0.9942315230646184,0.0,,,0.0,0.0,,,,,0.0,False
PEMS04,ZeroTrust-ANFIS-FL,No_Attack,45,True,0.9983741044998169,0.0,1.8496826887130737,0.0,1.8582448959350586,0.0,0.94655,0.0,0.8177463121706738,0.0,0.8121254052573418,0.0,0.994081613250086,0.0,,,0.0,0.0,,,,,0.0,False
PEMS04,ZeroTrust-ANFIS-FL,No_Attack,46,True,0.9953187704086304,0.0,1.8477768898010254,0.0,1.8346704244613647,0.0,0.9472,0.0,0.8207891462113188,0.0,0.8119988230845872,0.0,0.994094431749345,0.0,,,0.0,0.0,,,,,0.0,False
PEMS04,ZeroTrust-ANFIS-FL,No_Attack,47,True,0.999638557434082,0.0,1.8580703735351562,0.0,1.8624354600906372,0.0,0.94625,0.0,0.817499439803339,0.0,0.8055557714937958,0.0,0.9941879724239464,0.0,,,0.0,0.0,,,,,0.0,False
PEMS04,ZeroTrust-ANFIS-FL,Sybil_Poisoning,42,True,1.0003703832626343,0.0,1.8760504722595215,0.0,1.8393298387527466,0.0,0.946,0.0,0.8159873623763814,0.0,0.8096948400243307,0.0,0.9932716766167622,0.0,1.0,0.0,0.0,0.0,1.0,0.0,0.0,0.0,0.0,False
PEMS04,ZeroTrust-ANFIS-FL,Sybil_Poisoning,43,True,1.0020146369934082,0.0,1.8480420112609863,0.0,1.8529222011566162,0.0,0.9478,0.0,0.8214748928110753,0.0,0.8130718386895236,0.0,0.9939355974990497,0.0,1.0,0.0,0.0,0.0,1.0,0.0,0.0,0.0,0.0,False
PEMS04,ZeroTrust-ANFIS-FL,Sybil_Poisoning,44,True,1.006422758102417,0.0,1.8638557195663452,0.0,1.8668798208236694,0.0,0.9468,0.0,0.8189294529522982,0.0,0.8067468806248244,0.0,0.9939690879676654,0.0,1.0,0.0,0.0,0.0,1.0,0.0,0.0,0.0,0.0,False
PEMS04,ZeroTrust-ANFIS-FL,Sybil_Poisoning,45,True,1.0042909383773804,0.0,1.8682078123092651,0.0,1.8687489032745361,0.0,0.94675,0.0,0.8192551981158754,0.0,0.809645843829904,0.0,0.9941192958115492,0.0,1.0,0.0,0.0,0.0,1.0,0.0,0.0,0.0,0.0,False
PEMS04,ZeroTrust-ANFIS-FL,Sybil_Poisoning,46,True,1.0081864595413208,0.0,1.8623720407485962,0.0,1.8675520420074463,0.0,0.94595,0.0,0.8139954586891955,0.0,0.8098372593318036,0.0,0.9940829992149636,0.0,1.0,0.0,0.0,0.0,1.0,0.0,0.0,0.0,0.0,False
PEMS04,ZeroTrust-ANFIS-FL,Sybil_Poisoning,47,True,1.0041437149047852,0.0,1.8574774265289307,0.0,1.8755236864089966,0.0,0.9466,0.0,0.8166631688394235,0.0,0.8053513795762628,0.0,0.9940281418122996,0.0,1.0,0.0,0.0,0.0,1.0,0.0,0.0,0.0,0.0,False
